time,accelerometerAccelerationX,accelerometerAccelerationY,accelerometerAccelerationZ,gyroRotationX,gyroRotationY,gyroRotationZ
0.0,0.03704833984375,-0.99090576171875,-0.1526336669921875,0.01855104752127396,0.09178158591183681,-0.06815561861730786
0.0593469999730587,-0.013458251953125,-0.9628753662109375,-0.2191162109375,0.004402205281900981,0.03072036212239104,-0.008864065372219737
0.11873899993952364,-0.0336761474609375,-0.9466400146484375,-0.2178497314453125,-0.01407960005103092,-0.04737204315422048,0.04528385854348935
0.17810599994845688,-0.0271759033203125,-0.9566802978515625,-0.212493896484375,0.001076982344828044,0.002074868805280735,-0.005351888526623237
0.23747499997261912,0.0115203857421875,-0.9972076416015625,-0.1844940185546875,0.004359594704459713,0.02115002642908229,-0.00982440126130231
0.2968349999282509,-0.022918701171875,-0.945220947265625,-0.219696044921875,0.01069099388001409,0.01066596016576735,0.00841452378021436
0.35620399995241314,-0.02581787109375,-0.961029052734375,-0.1963958740234375,-0.01495578004966699,-0.009404420757396814,0.01288756914711145
0.4155669999308884,-0.018035888671875,-0.9626007080078125,-0.2001495361328125,0.001061536010505584,0.001198955122753673,0.01597577074716734
0.47492399998009205,-0.0166778564453125,-0.96142578125,-0.2003936767578125,0.004194478716874801,-0.01149340431645497,0.02357856302712554
0.5342799999052659,-0.01416015625,-0.9756011962890625,-0.1986083984375,-0.01602530554344281,-0.009317335389751222,0.02247921012914083
0.5936369999544695,-0.0388641357421875,-0.94989013671875,-0.2127532958984375,0.001039698089566935,-0.003003779393500373,0.02135162772360128
0.6529940000036731,-0.021026611328125,-0.9722747802734375,-0.1966094970703125,-0.02357536723381745,-0.03052302188561616,0.02484143401604112
0.7123779999092221,-0.0352935791015625,-0.9510498046875,-0.21661376953125,-0.02468004645398232,-0.0389905425715231,0.02813203585894302
0.7717420000117272,-0.01947021484375,-0.9709625244140625,-0.2147064208984375,-0.01174933409721158,-0.008482168071902373,-0.002043709820526807
0.831097999936901,-0.03167724609375,-0.950836181640625,-0.2147979736328125,-0.006482666725470882,-0.02010926307507932,0.006614226883320796
0.8904519999632612,-0.0295257568359375,-0.96014404296875,-0.2151641845703125,-0.006518353084077944,-0.02750832353164647,0.01095944051789408
0.949809999903664,-0.032196044921875,-0.96051025390625,-0.2195892333984375,-0.002367550209080443,-0.04969964594694973,0.02612880608698542
1.0091809999430552,-0.0305023193359375,-0.955078125,-0.22186279296875,0.0008815063208162279,-0.03920705756814655,0.01215786300842974
1.0685459999367595,-0.034881591796875,-0.958099365234375,-0.19561767578125,-0.005753493219007186,-0.09218345692032978,0.02659592454218532
1.1279069999000058,-0.0569915771484375,-0.9486846923828125,-0.202911376953125,-0.01113680704649336,-0.1025857641381793,0.05015797597055238
1.1872720000101253,-0.066497802734375,-0.9458770751953125,-0.21380615234375,0.02544756948014315,-0.02343874706989638,0.001336374235001762
1.2466389999026433,-0.047821044921875,-0.9597015380859375,-0.229827880859375,0.1347468964103032,0.1222223161197695,-0.07056897519713767
1.3060040000127628,-0.042724609375,-0.989990234375,-0.2114410400390625,0.2000934127097955,0.2056162761784018,-0.1098308938837398
1.3653679999988526,-0.0274810791015625,-0.979766845703125,-0.1704559326171875,0.2512207793171367,0.2028162286082925,-0.1694665275416662
1.424735999898985,-0.019866943359375,-0.9918212890625,-0.150970458984375,0.3633041748508655,0.2570696137031687,-0.2446257271936645
1.4840929999481887,0.1074371337890625,-0.939453125,-0.0863494873046875,0.3129075796466421,0.1923524023692622,-0.1298839642598185
1.5434629999799654,-0.0415191650390625,-0.9193115234375,-0.0200653076171875,0.4300978528867069,0.209119398276292,-0.1161574993693321
1.6028289999812841,-0.0097503662109375,-1.068588256835938,-0.0330352783203125,0.7935170762966639,1.222106248425841,-0.1804584586248593
1.662192999967374,0.11590576171875,-0.96875,-0.1219940185546875,0.8328503677004802,1.663785656261084,-0.3228140062695188
1.7215499999001622,0.1131744384765625,-1.01727294921875,-0.0872650146484375,0.5923882265550456,0.7709784776752142,-0.2022228763174228
1.7809249999700114,0.029449462890625,-0.922607421875,0.102996826171875,0.4252519649671987,0.08644194792622795,-0.05298412251934446
1.8402859999332577,0.2409820556640625,-1.055496215820312,0.0316619873046875,0.3549019016116656,0.06050435680551021,-0.1273438412121009
1.8996389999520034,-0.0458221435546875,-0.848388671875,0.1352386474609375,0.2810929246323375,-0.2035006610084429,0.2741809563391459
1.9590219999663532,0.1616058349609375,-1.082672119140625,0.03173828125,0.2979880185878002,-0.4850646988376153,0.1568484702968708
2.018394999904558,-0.2113037109375,-0.8405914306640625,-0.09149169921875,0.2516586030003457,-0.3621869787735773,0.2204910961309304
2.0777519999537617,0.1884307861328125,-1.092681884765625,0.3134765625,0.8277323047175659,-0.4599939666517184,-0.6820440772847811
2.137125000008382,0.1619720458984375,-0.9437103271484375,0.1771697998046875,0.4033602481745294,0.01557283447423835,0.4615513832571967
2.196512999944389,-0.0439300537109375,-0.9605255126953125,0.274932861328125,0.3077644829494811,-0.3738638748891387,0.7269487016890432
2.2558959999587387,0.0620574951171875,-0.959320068359375,0.2085418701171875,0.2456430547300747,-0.2299993801708403,0.6336650929224017
2.3152680000057444,-0.09271240234375,-0.9787445068359375,0.211639404296875,0.2088285810852554,-0.3647233733957688,0.6447273314583729
2.3746439999667928,-0.0225372314453125,-1.030014038085938,0.2568206787109375,0.1501405001431792,-0.1620112743860984,0.599827500744073
2.4340229999506846,-0.12261962890625,-0.9430694580078125,0.25335693359375,0.1361402622926327,0.06288548913615007,0.7987949289449829
2.493400999926962,-0.2142486572265625,-0.92730712890625,0.2909088134765625,0.1259099952812023,0.1748264055515597,0.9606378915501883
2.5527770000044256,-0.2818145751953125,-0.9342498779296875,0.324066162109375,0.1380220519188826,0.251465523821315,0.8596034187469802
2.612159000011161,-0.2468414306640625,-0.984893798828125,0.1944732666015625,0.09397975907558823,0.6246034209972982,0.7478103077720699
2.671540999901481,-0.256561279296875,-1.172958374023438,0.3105926513671875,0.01763971379624884,0.7086277512859521,0.8534376681912287
2.7309189999941736,-0.0111846923828125,-1.702606201171875,0.3311004638671875,-0.3879714381316155,1.245940474917614,1.288602984000138
2.790294999955222,1.138015747070312,-1.762359619140625,0.5330352783203125,-0.2894089114522189,2.093818794333302,1.327260365119292
2.8496689999010414,0.10882568359375,-0.3000640869140625,1.007080078125,0.4938075903802365,1.727270622958611,4.998366675088451
2.9090379999252036,1.680099487304688,-0.0557861328125,-0.450714111328125,-0.3718305513968632,1.695663960825442,-3.166484155034328
2.9684140000026673,0.240020751953125,-1.214157104492188,0.1179046630859375,1.212650162343297,-0.9530374961152112,-3.837884642706498
3.0278004999272525,-0.158538818359375,-1.43463134765625,0.2258453369140625,0.7938840598948768,-0.9165559176066517,-4.912910096765552
3.0871754999971017,-0.1196441650390625,-1.569168090820312,0.2350006103515625,0.592132563090398,-0.8212243379617392,-5.136829213851632
3.1465334999375045,-0.386444091796875,-1.483978271484375,0.538604736328125,0.7549859290131794,-0.4818353496997853,-4.176923691601216
3.205926499911584,-1.4215087890625,-1.525619506835938,0.2020721435546875,0.1137270985585258,0.3441390023822193,-0.7008422661552145
3.2652984999585897,-1.216033935546875,-1.160446166992188,-0.0444183349609375,0.9487319635808801,-0.6276484793876947,0.5989422659977306
3.32467150001321,3.494613647460938,-2.241775512695312,-1.83148193359375,-1.321994763011988,-4.415963438408439,1.806836555266364
3.3840474999742582,-0.156707763671875,0.0461883544921875,1.312774658203125,1.554467420887185,0.7362228938691352,4.294576822238737
3.4434234999353066,-0.54071044921875,-0.67022705078125,-0.2975921630859375,-0.8333867283440222,-0.4328278593201471,1.732209987832381
3.502792499959469,0.2643280029296875,-1.226333618164062,1.080108642578125,1.154597511637313,-0.6588514062996081,-0.3471366565052125
3.5621524999151006,0.256591796875,-0.927032470703125,0.0799407958984375,-0.3301861687990762,0.95901602644633,0.3292876182472834
3.6215394999599084,-0.0600128173828125,-0.960113525390625,0.4611053466796875,0.05885586009075117,-0.06466261653155994,0.8875698059861202
3.680926500004716,0.0623779296875,-1.025497436523438,0.2615509033203125,-0.1956821526801882,0.4135250014231438,1.052719349400768
3.7402964999200776,-0.099273681640625,-1.167373657226562,0.3656768798828125,-0.1303777143259192,0.7827752160398292,1.505947288987031
3.799676499911584,0.120391845703125,-1.560165405273438,0.2178802490234375,-0.4140395241457471,1.026066433211255,2.37930060844209
3.859051499981433,1.003921508789062,-2.611328125,0.575103759765625,-0.4657634388372661,1.696368899565986,3.200085791140076
3.91842150001321,0.404083251953125,-1.420761108398438,0.0828704833984375,-1.580679317600181,2.593086930212637,5.004899941874633
3.977786500006914,0.1887969970703125,0.1548309326171875,0.18939208984375,-1.096958716164728,-3.24781389893204,-0.9730226558834928
4.037170499912463,1.617355346679688,-0.0645599365234375,-0.3005828857421875,-0.4359797104702559,1.8500729755638,-5.335192637117312
4.0965504999039695,0.2023468017578125,-1.420089721679688,0.0890655517578125,0.4951423667185842,-2.072856254444962,-5.541964725208809
4.155930500011891,-0.0546875,-1.880081176757812,0.664764404296875,0.2113106472212092,-1.999671522425148,-5.7752709525052
4.215312499902211,-0.5884552001953125,-1.732086181640625,0.754791259765625,0.4326172032779219,-1.506426924299354,-5.304151896715784
4.274690499994904,-2.043228149414062,-1.30621337890625,0.5715789794921875,-0.06704028675278267,-0.527433727568013,-2.505473191406774
4.334072500001639,-1.638702392578125,-1.042495727539062,0.0574493408203125,0.709093271844498,0.2068013828634871,1.78023477176978
4.3934504999779165,0.578460693359375,-1.320037841796875,0.7823944091796875,3.62432948331857,-1.128402126523076,4.517570224529905
4.452807499910705,-1.428878784179688,-0.8278350830078125,0.511383056640625,0.176752936284123,0.8908116719810737,5.461520216057439
4.512195499963127,0.05010986328125,-0.9701995849609375,0.273773193359375,1.171842544960012,0.3117112876849785,-0.5219848999777108
4.571549499989487,0.1229095458984375,-0.7894439697265625,0.311553955078125,0.04836194013140294,1.346532064031542,0.5490282355830295
4.630940499948338,0.162933349609375,-0.995330810546875,0.28411865234375,-0.1110703290550627,0.4412365241459633,0.362815751106945
4.690287499921396,-0.024932861328125,-0.94952392578125,0.20648193359375,-0.1713813403654332,0.3857937713082577,1.170285660986752
4.749674499966204,-0.0293426513671875,-1.029769897460938,0.3564910888671875,-0.06766719487338733,0.2635360351459901,1.318777131782954
4.809039499959908,0.0902557373046875,-1.3370361328125,0.2939910888671875,-0.1012959952222539,0.8490567681980483,1.441275617707765
4.868422499974258,0.2268829345703125,-1.76080322265625,0.3220977783203125,-0.4771425935429566,1.264762898553967,2.924510403654164
4.9277834999375045,2.187271118164062,-2.357925415039062,1.001495361328125,-1.07025892834003,2.457082755451708,3.11360016737197
4.987236499902792,0.4407958984375,-0.217041015625,0.673309326171875,-0.810293393267509,1.145206406685367,5.661839464827673
5.0466034999117255,0.61456298828125,0.0358734130859375,0.0889892578125,-0.2248682676985846,-1.256486326518219,-2.219303749104528
5.105970499920659,0.2331695556640625,-0.7124786376953125,0.12274169921875,0.5484844180884353,-1.183968982667579,-4.231096116598954
5.165320499916561,-0.0151214599609375,-1.213363647460938,0.21868896484375,0.536915113680913,-1.265521366832422,-5.177787033520397
5.224703499930911,-0.2927398681640625,-2.369277954101562,0.7195587158203125,0.4835283212047486,-1.849019961668783,-5.82796905152347
5.284064500010572,-1.237457275390625,-1.433563232421875,0.4946136474609375,0.1546188718322564,-1.74276542681291,-3.145358363371165
5.34345049993135,-2.00885009765625,-1.11260986328125,0.4746856689453125,0.4997890501885545,-0.04570011062186873,-1.166423012141701
5.4028084999881685,-0.892242431640625,-1.606094360351562,-0.904937744140625,0.4127308467860822,0.5253050629087126,1.165821670367561
5.462199499947019,0.6307373046875,0.38690185546875,2.006790161132812,4.034595840831893,-1.399861065912052,5.569602478369433
5.5215414999984205,-0.59173583984375,-0.36395263671875,-0.093109130859375,-2.299318424055959,0.6271004008353563,2.276231480566062
5.580939500010572,0.178253173828125,-1.050369262695312,0.768310546875,1.13901801926035,0.006599313181216353,0.5387388463953994
5.640292499912903,0.0279541015625,-1.00506591796875,0.10546875,0.06694973927571998,1.213300506281494,0.5068048817642592
5.69965249998495,-0.0314788818359375,-0.84637451171875,0.3983001708984375,0.2238211127579655,0.6504091856440569,1.070554006588811
5.759039499913342,-0.1219482421875,-1.00372314453125,0.2388458251953125,-0.1588490369077383,0.3201140935563965,1.075085108867472
5.818417500006035,-0.02313232421875,-1.211349487304688,0.464111328125,0.004887965864731434,0.7529307675999652,1.176976586909467
5.877778499969281,0.19281005859375,-1.617706298828125,0.2515411376953125,-0.4326624770164532,1.369382252500531,2.26784838208671
5.93716349999886,1.68927001953125,-2.650054931640625,1.148651123046875,-0.259331170100864,1.912002656184721,3.266020866040475
5.9965334999142215,0.26397705078125,-1.341567993164062,1.057449340820312,-1.223486564818829,3.017262445467226,5.643124899215469
6.055909499991685,0.39385986328125,0.1282196044921875,-0.16790771484375,-0.4624387485324111,-2.813680025413318,-1.166180131850286
6.115280499914661,1.076507568359375,-0.3637237548828125,-0.0730133056640625,1.064995456761597,0.7759039941113158,-3.850632662212489
6.174649499938823,0.0274200439453125,-0.998199462890625,0.0699920654296875,1.234949342782748,-1.094183169676648,-4.905414896193633
6.23402949993033,0.1376495361328125,-1.660858154296875,0.14422607421875,0.5474777431963853,-0.766333658418007,-6.772546483803827
6.293401499977335,-0.6527557373046875,-2.248199462890625,0.4936370849609375,1.093154656863659,-2.569696386358471,-5.049087643313445
6.352773499907926,-2.8935546875,-1.136383056640625,0.4071502685546875,-0.04897553244655719,-1.712902069929307,-2.473199940052758
6.412144499947317,0.66326904296875,-4.021804809570312,-1.046463012695312,0.1502662013466309,-2.253170636054847,2.63638353795071
6.471516499994323,-0.1123809814453125,0.0735931396484375,1.441253662109375,2.617355784594311,0.6194267684704021,4.789873652300545
6.5308934999629855,-0.327117919921875,-0.8739776611328125,-0.4438018798828125,-0.7678719002636368,-0.3624053579829638,3.247173675005985
6.590270499931648,0.07373046875,-1.024307250976562,0.3582916259765625,0.5843662527195089,-0.4715638036914587,0.3412340262651609
6.6496264999732375,0.0668487548828125,-0.9936676025390625,0.139190673828125,-0.04943040036074273,0.1865909196669847,0.423212516204416
6.709001499926671,-0.0892333984375,-0.9550018310546875,0.29180908203125,0.04067552459321624,-0.09415819086862352,0.7887580074286923
6.768375499988906,0.020477294921875,-1.056076049804688,0.276214599609375,-0.05824759409777706,0.4276871594679671,1.018518502049752
6.827748499927111,0.0294952392578125,-1.200637817382812,0.3673858642578125,-0.02856187005888181,0.920966378687932,1.427725454081442
6.887131499941461,0.122100830078125,-1.62542724609375,0.3302764892578125,-0.2546019286371013,1.4871136800741,2.792121470073017
6.946511499932967,1.702667236328125,-2.706375122070312,0.7329559326171875,-0.4942731109387823,2.014087746037965,3.43852659301814
7.0058914999244735,0.231903076171875,-1.659469604492188,0.6306304931640625,-1.158936866317488,1.596157077223503,4.380819033083209
7.065270499908365,0.0938568115234375,-0.06500244140625,0.25640869140625,-0.7929903030330462,-3.650397036700484,-1.34470193973044
7.1246434999629855,0.4132843017578125,0.02923583984375,0.2056884765625,0.2731556393194653,0.1797961304617565,-3.523590088764143
7.184011499979533,0.1767578125,-0.805938720703125,0.2045745849609375,0.562894250114636,-0.7326076526893526,-5.461854176458135
7.243367499904707,-0.050384521484375,-1.758087158203125,0.26043701171875,1.157097154636462,-1.019809336230114,-6.025466947434874
7.302743499982171,-0.6494293212890625,-1.975692749023438,0.61761474609375,1.0014433784046,-1.998092001582622,-5.930540700907872
7.362122499966063,-2.252090454101562,-1.19317626953125,-0.1363525390625,-0.1655554091647758,-0.3892561470414697,-2.289600016606042
7.4214954999042675,-0.670989990234375,-1.526046752929688,-1.026809692382812,0.557412931959035,-2.404715154724717,2.577489328340261
7.480882499949075,0.8004302978515625,0.564697265625,1.739242553710938,-1.00149184793644,2.530194516857653,-1.381009347503708
7.540250499965623,-0.9212646484375,0.147552490234375,-0.7393341064453125,-0.2276358247033949,0.1373096563272864,4.689405367545088
7.599623499903828,0.0877685546875,-1.122390747070312,0.1982269287109375,0.2984290380643173,-0.8601405783388492,0.1535253778886699
7.658968499978073,-0.128692626953125,-0.978240966796875,0.3426055908203125,0.1959543277435943,0.7955498671567214,0.6489750733970493
7.718366499990225,-0.1318511962890625,-0.92449951171875,0.309661865234375,0.09612466901753804,0.4091265245667689,0.8930191662086404
7.777742499951273,-0.1219940185546875,-0.9849395751953125,0.180145263671875,-0.05317587011783016,0.4160329002216714,1.388516798616641
7.837118499912322,-0.427154541015625,-0.9907379150390625,0.3401336669921875,0.09748714223122258,0.5620918396781952,1.619342025041515
7.896493499982171,-0.083099365234375,-1.568374633789062,0.20025634765625,0.1321620322562723,1.12969216175511,1.295457960646002
7.955865499912761,1.657760620117188,-3.3106689453125,1.065185546875,0.2017978358074462,1.910012742218213,3.075462102665381
8.015228791628033,0.272003173828125,-1.263046264648438,0.51556396484375,-1.287857831527134,2.829978571284602,4.980039333098743
8.074599791667424,-0.3098297119140625,-0.454864501953125,0.1322479248046875,-0.4617921330197399,-3.823053498595847,-0.9280072439778834
8.133986791595817,0.57366943359375,0.1051025390625,0.06793212890625,0.5692613356487974,0.8397721896897051,-4.128702899007587
8.193346791667864,0.3083343505859375,-0.7542724609375,0.0431671142578125,0.3807835663494916,-1.63454521275645,-5.028826313740123
8.252730791573413,-0.1579132080078125,-1.410736083984375,0.295501708984375,0.4338577037136808,-1.379126492613022,-6.540934026960725
8.31211779161822,0.51165771484375,-2.278671264648438,0.460357666015625,0.09700457744170023,-1.378321152699382,-7.779676243767964
8.371492791571654,-0.8496551513671875,-2.126571655273438,0.4475555419921875,1.024265071049925,-1.695622948144655,-4.259337874694808
8.430857791565359,-3.498947143554688,-0.650848388671875,-0.3437042236328125,-0.8223862751453408,-1.201265148683208,2.553974681179298
8.490232791635208,0.2109222412109375,-1.682159423828125,1.699661254882812,7.528644548888223,0.01624741317835542,6.390211359803255
8.549597791628912,-1.458099365234375,-0.3914947509765625,-0.87310791015625,-2.336226108338931,1.584343294627912,5.662677295306612
8.608985791564919,0.0118865966796875,-1.175811767578125,0.8405303955078125,1.125554674685563,-0.6616248222588166,0.1762373482970837
8.668363791657612,-0.29888916015625,-0.815826416015625,0.224090576171875,-0.01673157586453182,0.8512347013375151,0.625877477262792
8.72772979165893,-0.123077392578125,-0.8543853759765625,0.3237762451171875,0.3909877343822392,0.06011660055079467,0.08372552361434712
8.787137791630812,7.62939453125e-05,-1.019790649414062,0.34197998046875,0.001620799839422224,0.8525026323325019,0.1696667972556402
8.846519791637547,-0.102386474609375,-0.7364349365234375,0.21966552734375,-0.3362342076346461,1.634502602179009,1.394128079033438
8.90585979167372,-0.015625,-1.179519653320312,0.1290740966796875,-0.2902275671713093,1.485179159858266,1.708105716806074
8.965267791645601,-0.4816436767578125,-0.78131103515625,0.466583251953125,-0.3878292253294053,0.3413868917117314,1.363602393986732
9.024650791659951,-0.64886474609375,-0.576019287109375,0.252899169921875,-0.04483644748035604,1.838418183685286,-0.2153629131358738
9.084026791621,-0.646514892578125,-0.76605224609375,-0.0505523681640625,0.0277581280418959,2.221670500365281,-1.317434365961336
9.143401791574433,-0.339996337890625,-0.6716766357421875,-0.332122802734375,0.2068296123710419,1.85148232041267,-0.821886666124842
9.202776791644283,-0.1703033447265625,-1.009292602539062,-0.054443359375,0.1422293138089898,0.2807224789247075,-0.7747423232438232
9.262147791567259,-0.1309967041015625,-1.095809936523438,0.4958953857421875,0.3305542176617251,-0.2212809897102479,-0.7701819261931716
9.321519791614264,-0.3416290283203125,-0.853179931640625,-0.0230560302734375,-0.2372919141838042,0.4870631349196108,-0.1504467636685383
9.380895791575313,-0.1483154296875,-0.9138031005859375,-0.08612060546875,0.04447425757210526,0.1219152536460834,-0.5012314182349413
9.440273791668005,-0.1740570068359375,-0.966156005859375,0.180389404296875,0.07525826924454919,-0.11581714738202,-0.3397751466200155
9.499640791676939,-0.187042236328125,-0.9941253662109375,0.0076904296875,0.02784654499008653,-0.2387768928076324,-0.3235181460617358
9.559022791567259,-0.127227783203125,-1.033645629882812,0.0835113525390625,0.0932196929004796,-0.3836576497979051,-0.345339022769409
9.618398791644722,-0.138763427734375,-0.931243896484375,0.097564697265625,0.03464879104636692,-0.130269856301771,-0.184013246047897
9.677777791628614,-0.1461944580078125,-0.937164306640625,0.0959930419921875,0.09917132530458869,-0.2192908094276317,-0.1361013801407175
9.737155791604891,-0.1471405029296875,-1.0050048828125,0.1287841796875,0.1150533527813852,-0.2326830476013131,-0.08265120443060915
9.796532791573554,-0.091827392578125,-0.98907470703125,0.0939178466796875,0.1033775219302598,0.004842958442309094,-0.1396380580683427
9.85589479166083,-0.1248626708984375,-0.9266815185546875,0.170562744140625,0.1049003174415672,0.1114461010848729,-0.09817743358577112
9.915280791581608,-0.1159210205078125,-0.9865570068359375,0.1110382080078125,0.01499732536267222,0.0132622759124856,-0.05769791764878471
9.974638791638426,-0.07818603515625,-1.016128540039062,0.130523681640625,0.0258523699658352,0.05773653348459086,-0.07097430831504772
10.034025791566819,-0.1210784912109375,-0.989959716796875,0.1013946533203125,0.002326537528293223,0.04812491879438588,0.03677665675734023
10.093382791616023,-0.2196807861328125,-0.928619384765625,0.1428985595703125,0.005461610763534502,0.03998017323259655,0.0784380835861038
10.152762791607529,-0.0850372314453125,-1.01171875,0.084991455078125,0.006610498457794685,0.03621180029013443,-0.1091182319760346
10.212151791667566,-0.1123199462890625,-0.93865966796875,0.1185150146484375,0.03308498285427239,0.006554305758794013,-0.08959246749579168
10.27152479160577,-0.1096343994140625,-0.9634246826171875,0.1146392822265625,0.01339356975422651,-0.09765518769600658,0.01494033371534453
10.330901791574433,-0.11309814453125,-0.9788818359375,0.1172332763671875,0.06972049207383843,-0.1223701215602689,0.002448510306218852
10.390275791636668,-0.1386566162109375,-0.9704437255859375,0.1516876220703125,0.08479132068259683,-0.09320078445674004,-0.05862256717926023
10.449645791668445,-0.1116180419921875,-1.0020751953125,0.1868133544921875,0.07669797412984602,-0.005467469717932676,-0.1128892680795868
10.509017791599035,-0.089935302734375,-0.9361114501953125,0.180023193359375,-0.02041685818098347,0.1864383205365232,-0.07028401696049918
10.568369791610166,-0.111572265625,-0.9463043212890625,0.1111297607421875,-0.1115726012366517,0.0445528208242626,-0.04637735248707588
10.6277367916191,-0.1058807373046875,-0.978912353515625,0.1215667724609375,-0.08220965232187402,-0.05656101417942989,-0.05697300520006515
10.68710979167372,-0.0937957763671875,-0.9820098876953125,0.16302490234375,-0.04455361977258963,0.03048520499813704,-0.05258624625248663
10.746546791633591,-0.0575714111328125,-0.9588165283203125,0.0928955078125,-0.04238687190970115,0.04472725787566279,-0.002645051594666699
10.805925791617483,-0.1369171142578125,-0.9835968017578125,0.1822357177734375,0.02338095647424166,-0.003900199416421044,0.04801945761521875
10.865276791621,-0.129791259765625,-0.9653167724609375,0.1091156005859375,-0.04231869498579513,0.05499640703900834,-0.04326251927611921
10.924650791566819,-0.0514678955078125,-0.9840850830078125,0.11474609375,0.02767503741588543,-0.01484419359999267,-0.1085451197094496
10.984009791631252,-0.1110992431640625,-0.9707794189453125,0.1539154052734375,0.04472885577231684,0.01458959539978109,0.1043181504272758
11.04339679167606,-0.08160400390625,-0.966400146484375,0.1332244873046875,0.03542270565914395,0.07053062567744053,0.05892883070461934
11.102753791608848,-0.1528167724609375,-0.9256134033203125,0.1567535400390625,0.03294117215540811,0.001047421256728164,0.131109550993473
11.162131791585125,-0.109344482421875,-0.986053466796875,0.15484619140625,0.002062884580375378,-0.0194733002067684,-0.039222503902469
11.22149679157883,-0.0765838623046875,-0.9764556884765625,0.086944580078125,-0.06267696362279686,0.02750166562892127,-0.03550739418180847
11.280880791600794,-0.1142730712890625,-0.9650421142578125,0.1172027587890625,0.03164048427901341,-0.06244739913683203,0.03801023297426494
11.3402527916478,-0.0932159423828125,-0.9314727783203125,0.133697509765625,0.0587227020362472,-0.1884170492264521,0.1001689454489324
11.399625791586004,-0.129974365234375,-1.035140991210938,0.1726226806640625,0.06521122771611626,-0.3996576553109922,0.1238204790899261
11.458999791648239,-0.144622802734375,-0.9387969970703125,0.08660888671875,0.02761804576855773,-0.005823268039567262,0.07255835653142687
11.518365791649558,-0.1540069580078125,-0.9514923095703125,0.214874267578125,0.09482185061227127,0.007822769385998754,-0.04480981586945525
11.577738791587763,-0.1377410888671875,-0.969451904296875,0.19244384765625,0.01009071737031023,0.09997027363161246,-0.1066223174024124
11.637110791634768,-0.1069183349609375,-0.945465087890625,0.119232177734375,-0.1020597898228886,0.2437519440400095,-0.2265758865895434
11.696485791588202,-0.0401458740234375,-1.02032470703125,0.1311187744140625,-0.05108582129433598,-0.01053546527235347,-0.1288815504255127
11.755859791650437,-0.0511016845703125,-0.95562744140625,0.1370086669921875,-0.02866626597361292,0.01929220525264301,0.009366870186026697
11.81522679165937,-0.0838165283203125,-0.97918701171875,0.140167236328125,0.001635713541526668,-0.09337974888199337,0.1353343897467747
11.874594791675918,-0.2086639404296875,-0.9508819580078125,0.171722412109375,0.03123302063223129,0.09110993668491883,0.1024017397068548
11.93396279157605,-0.08856201171875,-0.9637451171875,0.0946807861328125,-0.01971005522767644,0.3379793770969751,-0.1145915606483655
11.993317791610025,-0.0030975341796875,-0.9652099609375,0.097259521484375,0.004907140624580004,0.1250442016108175,-0.1569986725823513
12.052692791679874,-0.09490966796875,-0.9688568115234375,0.1422882080078125,0.05801163802519604,-0.09832017902019936,0.1972374387567945
12.11205579165835,-0.1255645751953125,-0.956390380859375,0.1363525390625,0.05686008716984578,-0.1105523442230423,0.2559963597838668
12.171420791652054,-0.1630401611328125,-0.9634246826171875,0.156494140625,0.02896507264791981,-0.1583395741912061,0.2490492377642861
12.230788791668601,-0.1795806884765625,-0.9284515380859375,0.1372222900390625,-0.008003331707906127,-0.112994995574863,0.07585588259316298
12.290131791611202,-0.12786865234375,-0.9783172607421875,0.15093994140625,0.02565795920625941,-0.2274198423389895,-0.1189916354013944
12.34951879165601,-0.0767059326171875,-0.9976959228515625,0.1471099853515625,0.03236699462438703,-0.155107029260068,-0.1091272867237409
12.408905791584402,-0.157196044921875,-0.957489013671875,0.1879119873046875,0.09645223783161778,-0.09234111605686246,0.04369981032711022
12.468271791585721,-0.145965576171875,-0.9372406005859375,0.18939208984375,0.03153875152537239,0.1396321991139445,-0.05908435931227996
12.52763779158704,-0.0970458984375,-0.957794189453125,0.151397705078125,-0.01705275309199538,-0.01684396126253317,-0.1096098515132633
12.58701879158616,-0.1219940185546875,-0.9814300537109375,0.164520263671875,-0.02783056602354606,-0.03859905789128146,-0.04968446592873629
12.646396791678853,-0.0833587646484375,-0.9659576416015625,0.134613037109375,-0.06753297155444733,0.1385411020153391,0.02508751010076444
12.705771791632287,-0.140960693359375,-0.90826416015625,0.1433258056640625,-0.04126195266525168,0.07232639520048095,0.1164318049616102
12.765151791623794,-0.1266937255859375,-1.032852172851562,0.174041748046875,-0.006644586919747699,-0.04822372207082782,0.07194423158405459
12.8245317916153,-0.1525421142578125,-0.9200897216796875,0.1473846435546875,-0.006444849837991757,0.2207922996502183,-0.02482279188841056
12.883903791662306,-0.10931396484375,-0.98016357421875,0.1507415771484375,0.03791063074949597,-0.09936893185747257,-0.05111511606632685
12.943273791577667,-0.0824127197265625,-0.966766357421875,0.163482666015625,0.04019349243591189,-0.06079570662876488,-0.01316720106156977
13.002643791609444,-0.1271820068359375,-0.9511871337890625,0.1375274658203125,0.002200303692623467,0.02167839758935401,0.04985916929624548
13.06201379164122,-0.16217041015625,-0.947357177734375,0.1566314697265625,0.002582733625158845,-0.1291483991667386,0.05472103618229414
13.121381791657768,-0.11138916015625,-1.001861572265625,0.16522216796875,-0.02090102086715988,-0.1509586232300515,-0.01753052419155559
13.180747791659087,-0.124786376953125,-0.9576873779296875,0.154693603515625,-0.03685229053229848,-0.1501093411584253,-0.04739254949461409
13.24012279161252,-0.129913330078125,-0.9429931640625,0.1493682861328125,-0.03914473959863869,-0.1930996853711384,-0.1044779400926806
13.299489791621454,-0.0803680419921875,-0.9849700927734375,0.168426513671875,-0.03405916718102338,-0.2496990490702654,-0.1358281398128754
13.358857791638002,-0.089813232421875,-0.9787445068359375,0.1651458740234375,-0.062144331404781,-0.0858358124621259,0.004115649148608454
13.418208791641518,-0.1425018310546875,-0.9432373046875,0.1357269287109375,-0.08635885730021747,-0.0206429605575312,0.039625706491507
13.477595791569911,-0.158966064453125,-0.941070556640625,0.147247314453125,-0.1032789849699269,-0.01229847791398592,-0.1054366780851091
13.536955791641958,-0.123992919921875,-0.9677886962890625,0.1504058837890625,-0.1290903422549749,-0.08679987677673459,-0.2506551239016038
13.596316791605204,-0.026885986328125,-1.00567626953125,0.174163818359375,-0.1787060986275871,0.01019058591118821,-0.2325621400878235
13.655670791631564,-0.047332763671875,-1.003936767578125,0.1222686767578125,-0.3280817389056956,0.4476653950174146,0.05140060693518334
13.715059791575186,0.13983154296875,-1.133056640625,0.3231048583984375,-0.3764804306601416,0.5901282680540043,0.1670553014907085
13.774408791679889,0.39288330078125,-1.606460571289062,0.776519775390625,-0.3037862529131207,1.70693365961033,1.061849198249778
13.833788791671395,0.9515533447265625,-0.5577392578125,0.321136474609375,-0.10331573659297,0.3605776305268424,1.104509843119539
13.893155791680329,1.063949584960938,-0.6127166748046875,0.2016754150390625,0.9846159287408257,-2.155555662091301,-1.708912654616368
13.952530791633762,0.34869384765625,-1.405731201171875,0.5307464599609375,0.9594298816797283,-2.641598539997303,-2.504053193913544
14.011893791612238,-0.1623382568359375,-1.304580688476562,0.5539398193359375,0.5200013775978198,-2.314660096147578,-2.324530570095739
14.071254791575484,0.056304931640625,-1.094970703125,0.4107818603515625,0.3472788693074227,-1.683898381445581,-2.543684226727231
14.130619791569188,-0.0648956298828125,-0.9489288330078125,0.3022918701171875,0.3473742104744476,-1.127935540700094,-2.023263134941615
14.189981791656464,-0.0085906982421875,-0.6630096435546875,0.133880615234375,0.2001525348859952,-0.2157927473358126,-1.76692003158382
14.249349791673012,-0.31829833984375,-0.944793701171875,0.2436065673828125,0.2602611459535197,0.9297990187592887,-0.9865009141603838
14.308712791651487,-0.268218994140625,-1.149215698242188,-0.1112060546875,0.1573235782353409,0.6954693386559796,0.368663520228541
14.368080791668035,0.6048583984375,-1.170028686523438,-0.5391998291015625,0.3945158901943762,-1.058127430626392,1.966718898677053
14.42744579166174,0.292816162109375,0.0032958984375,0.5960693359375,2.442771194069731,-1.207653273189981,5.254429613899569
14.486814791569486,-0.55682373046875,-1.178131103515625,0.6606597900390625,1.288799525288586,-0.424789640201961,3.502506907678422
14.54618179157842,0.197113037109375,-1.033782958984375,-0.1241912841796875,-0.7766017423169166,-0.5182852365913728,0.3624317232777556
14.605546791572124,0.0351715087890625,-0.894012451171875,0.42047119140625,0.2290307884823785,0.5572512780808672,0.5034594188029017
14.664913791581057,0.3968048095703125,-1.02960205078125,0.1844940185546875,-0.3882377542406234,0.7969861099326011,0.004882639542551275
14.724277791567147,0.2180328369140625,-0.9559478759765625,0.23162841796875,-0.1393807967070411,0.1671799374297242,1.210018959186298
14.783646791591309,-0.0296630859375,-0.94732666015625,0.290924072265625,-0.1334004021631591,-0.1142578665637786,1.589389452261394
14.843016791623086,-0.0070343017578125,-1.079788208007812,0.26751708984375,-0.2542509240054288,-0.00164956197919508,1.546520548194388
14.902385791647248,-0.0514984130859375,-1.219528198242188,0.214263916015625,-0.46945884116586,0.7787240153896007,2.38413531108502
14.961733791627921,0.1705322265625,-1.997726440429688,0.4608154296875,-0.5903647567588034,1.407522714052101,2.80883120801661
15.021117791649885,1.489990234375,-1.959671020507812,0.002349853515625,-2.329847837528191,3.196065216842383,3.354279622462355
15.08048079162836,0.3413543701171875,0.1825408935546875,0.3922882080078125,1.074503474485398,-1.887736464964137,5.621567675455713
15.139858791604638,0.852752685546875,0.0439605712890625,0.2516326904296875,0.1927207175480201,-0.0135514952068682,-2.091056563650672
15.199215791653842,0.1289520263671875,-0.615234375,0.1205596923828125,1.131537199758317,-0.3645603879370559,-4.487152663823456
15.258589791599661,0.3014068603515625,-1.460983276367188,0.096771240234375,0.9311087613833897,-0.5772122030832291,-5.789562007546784
15.317961791646667,0.133544921875,-2.009719848632812,0.196258544921875,0.9745012429207047,-1.913545425404203,-6.59873953631755
15.377325791632757,-0.74273681640625,-1.956253051757812,0.623565673828125,0.3138498060403121,-0.353402275601842,-4.46420793313577
15.436691791634075,-2.342620849609375,-0.8246917724609375,0.1180267333984375,-0.2905114601435117,-0.9289249692895247,1.805088456326836
15.496060791658238,1.259170532226562,-4.155288696289062,-1.81964111328125,0.9500449019982891,-3.189180679108419,2.426442288162019
15.555431791581213,-2.00787353515625,-2.853744506835938,0.670013427734375,2.738547723688329,-0.3106694590665395,5.265989863559385
15.614800791605376,-0.334716796875,-0.779388427734375,-0.0791473388671875,0.4194611874929304,1.196996634088029,0.221488183643056
15.674166791606694,0.45526123046875,-1.16339111328125,0.2391815185546875,0.9641346220614623,-0.6776445351639703,-0.7392695501561858
15.733535791630857,-0.058837890625,-0.95947265625,0.231964111328125,0.2634707876992832,0.2360671263984768,1.085802734358386
15.792904791655019,-0.0117034912109375,-0.900970458984375,0.3678436279296875,0.1656677945627772,0.5062067357834273,1.083842647796088
15.85226679162588,-0.066925048828125,-1.075820922851562,0.101593017578125,0.07767748477877717,0.1897326508049512,1.676735809693813
15.911653791670687,-0.3153228759765625,-0.996673583984375,0.347198486328125,0.2109463267840864,0.4747878265071085,1.758925221991402
15.971009791595861,0.085357666015625,-1.690933227539062,0.3079071044921875,-0.2101005068218772,1.306240300951406,1.684535675894437
16.030378791620024,1.284103393554688,-2.872512817382812,0.837432861328125,-0.5002359286194697,2.813877631966201,3.409448069707783
16.089752791565843,0.1305084228515625,-1.55224609375,0.7121429443359375,-1.795100004342384,3.96975159671399,3.441924786569081
16.149128791643307,0.409454345703125,0.153472900390625,0.14202880859375,-1.050218641137184,-2.22135145366669,-0.09110088193721257
16.208494791644625,0.821929931640625,-0.38836669921875,0.0399627685546875,0.7811387035499756,-1.053178212056589,-4.138631163551403
16.26787179161329,0.1178436279296875,-1.118392944335938,0.1817169189453125,1.001232988678484,-2.438565263760169,-5.272284511111897
16.32724879158195,0.11993408203125,-1.655654907226562,0.4305877685546875,0.4174212060979297,-1.732848880177891,-6.659617800940106
16.386613791575655,-0.1523284912109375,-2.52850341796875,0.4793243408203125,0.5931498906268082,-1.857717313156763,-5.812899288179148
16.44597079162486,-4.046859741210938,-0.8708343505859375,0.50506591796875,1.260809169599636,-1.762979618434939,-1.188691832544726
16.505356791662052,0.4120635986328125,-1.7843017578125,-1.792236328125,1.472693994351866,-0.4260413259142982,2.086025319719294
16.564714791602455,0.1475830078125,-0.272857666015625,1.824356079101562,5.093885741274105,-0.3754045135797496,4.504619804781067
16.624099791632034,-0.3569793701171875,-0.601898193359375,-1.120285034179688,-1.430172899123225,-0.2010106053892187,0.6997141511174569
16.683474791585468,0.269134521484375,-1.175186157226562,0.46142578125,1.135699187909893,-0.6084449573993513,-0.4212487012165916
16.74286079162266,0.0488433837890625,-1.060653686523438,0.3582000732421875,0.4173753997271804,0.7681307595215925,0.5054844864957979
16.802227791631594,-0.0497283935546875,-0.9912567138671875,0.439544677734375,0.2433708456880191,0.03011555823883404,1.097658594899201
16.86158879159484,0.0191650390625,-1.054901123046875,0.2270660400390625,0.009797769650401517,0.4246034852417644,1.175271631179598
16.92096379166469,-0.0611572265625,-1.237548828125,0.2999420166015625,0.149796952362559,0.86756547145799,1.943227687333682
16.980330791673623,0.3692626953125,-1.96148681640625,0.5750579833984375,-0.05686168506649983,1.950823022762588,3.27954386542368
17.03968279156834,1.942153930664062,-1.702926635742188,0.5528411865234375,-0.4782786980639844,3.057826383610768,4.220048791765087
17.099067791597918,0.151031494140625,-0.36590576171875,0.5108184814453125,1.697525510427407,-1.941297428175592,6.879145898020864
17.158433791599236,0.9368896484375,0.171295166015625,-0.29632568359375,-0.9867922639836385,-0.3664301933384005,-3.48510954154137
17.217795791570097,-0.0020751953125,-0.8748626708984375,0.082122802734375,0.5256382243610815,-1.018929694122061,-5.89892951140085
17.277160791680217,-0.043701171875,-1.932830810546875,0.267791748046875,0.3238057674594643,-0.3384768555886019,-7.006539806661459
17.336521791643463,0.1458892822265625,-2.166351318359375,0.26849365234375,0.8253136218155559,-0.8624159831742129,-7.458862271477095
17.39588479162194,-1.531341552734375,-1.972793579101562,0.90789794921875,0.7566290994057583,-2.324166515974725,-0.9002725517535802
17.455248791608028,-1.76373291015625,-0.829833984375,0.076202392578125,-1.426818381414161,-0.6843700821808564,2.286844177510027
17.514604791649617,1.318099975585938,-4.209426879882812,-0.00836181640625,-1.344738158721265,-0.574253963744369,1.056684796263896
17.57398179161828,-0.580474853515625,-0.8302154541015625,0.0595550537109375,1.943816778566807,2.994206394645974,6.0392418818572
17.633346791611984,-0.366424560546875,-1.113021850585938,-0.1867523193359375,0.5836503950184956,1.459425859484982,0.03533482134317133
17.692712791613303,0.134796142578125,-0.9672088623046875,0.1922454833984375,0.06767997804661971,0.08325627463027516,-0.4187197634454524
17.752081791637465,-0.006744384765625,-0.93743896484375,0.1585845947265625,-0.1204734182319145,0.2263625673862281,0.2084946206845594
17.8114487916464,-0.068511962890625,-0.9700164794921875,0.253662109375,-0.1568745692755536,0.2311221688864177,0.6187966645564893
17.870805791579187,-0.0497589111328125,-0.983917236328125,0.2885894775390625,-0.1382857048668005,0.357774919795643,0.7719635809624346
17.93018179165665,0.1413116455078125,-1.29937744140625,0.36102294921875,-0.1617023476996492,0.8935677773931967,1.286200812696887
17.98953079164494,0.0723114013671875,-1.76177978515625,0.3985748291015625,-0.2617131013798309,1.347333675519656,2.964204287069577
18.04891341656912,2.59228515625,-2.9488525390625,1.490814208984375,-2.396270803540293,4.659398466278729,2.519493136649388
18.108275416656397,0.1547088623046875,-0.0317840576171875,0.7336273193359375,0.6060300029228675,-0.9451529413919225,7.547690411740033
18.167639416642487,0.0653839111328125,-0.13226318359375,0.2123565673828125,1.172920059937058,-1.051072716898772,-2.062097882589368
18.226998416590504,0.1812591552734375,-0.515625,-0.1997833251953125,1.421415892826826,-0.7237867305267921,-4.036441944099536
18.286359416670166,0.0015869140625,-0.901092529296875,-0.10308837890625,1.409909971653248,0.07956939441716947,-5.603656319228276
18.345723416656256,-0.4210205078125,-1.493072509765625,0.123260498046875,1.480742067166085,-1.626822578227439,-5.104076593501402
18.405091416672803,-1.4696044921875,-1.619155883789062,0.1878204345703125,0.7306968346072208,-1.401076798949673,-4.332008083992018
18.464465416618623,-2.829635620117188,-1.025833129882812,0.17120361328125,-0.2572059675509807,-2.165284455869469,-1.182830747617679
18.52383741666563,-0.5270843505859375,-0.4109039306640625,0.09844970703125,-0.6029178328730008,-0.05375750449990347,2.028719419382969
18.58320741658099,1.141021728515625,0.653106689453125,-0.0825958251953125,-1.042326629562843,5.122442817643024,3.206786304442715
18.64257841662038,-0.4209136962890625,-0.351226806640625,0.4424285888671875,0.4849989187586904,-1.606235011420581,3.347819326290041
18.701950416667387,0.116668701171875,-0.98699951171875,0.2756195068359375,-0.3708579649667663,0.3948999180235656,-0.04396825696499021
18.76131841656752,0.09014892578125,-0.9512481689453125,0.318267822265625,0.01105957537488106,-0.07229124147409191,0.6062340010623676
18.820680416654795,0.0650482177734375,-0.949737548828125,0.2761688232421875,-0.1643340834888655,0.4556263824639885,0.5321102384421921
18.88005141657777,-0.0524749755859375,-0.94659423828125,0.3080902099609375,-0.1468807909689222,0.3557133667958127,0.8977585276845454
18.939420416601934,-0.038909912109375,-0.98016357421875,0.2699127197265625,-0.1992172327111594,0.5613418935152289,0.9455628018836858
18.99879241664894,-0.0474700927734375,-1.219467163085938,0.367645263671875,-0.2324508199542582,0.5573881645608972,1.332512651421147
19.05815641663503,0.2089691162109375,-1.726242065429688,0.215911865234375,-0.5570613946951445,0.9053504010040343,2.011764137986871
19.117536416626535,1.273178100585938,-2.1236572265625,0.874114990234375,-0.6611936564783328,1.563900870100464,3.17161074013273
19.17689341667574,0.276458740234375,-1.696182250976562,0.5387115478515625,-0.5399921300043906,-0.1764400148560387,6.7317878685846
19.236281416611746,0.12841796875,-0.3969573974609375,0.3267974853515625,-0.9403243640194999,-0.3349747987551476,3.40880731314951
19.29563841666095,0.6238861083984375,0.02032470703125,0.1571197509765625,0.3723093877608595,-0.9779311280886178,-3.571527521017787
19.354994416586123,0.1663665771484375,-0.6862640380859375,0.0990753173828125,0.1375725103268773,-1.406117896577084,-4.261880128271398
19.414369416655973,0.1512451171875,-1.294158935546875,0.4213714599609375,0.1859818547256836,-1.492892207007354,-5.906650015400989
19.473736416664906,0.1737518310546875,-2.330459594726562,0.839630126953125,0.3709964493434504,-3.124163862151879,-7.226271369249498
19.533086416660808,-2.34185791015625,-1.94097900390625,1.5848388671875,-0.3268960995883923,0.2667352905635023,-1.685085884975647
19.59245641657617,-1.466796875,-1.904006958007812,-0.2319488525390625,-1.296616435720187,-0.8929733598378911,-0.01846742426304547
19.65182541660033,0.9373931884765625,-0.820037841796875,1.423110961914062,2.459085718907556,2.204272867912121,1.538373938419836
19.711177416611463,-1.130935668945312,-0.5819854736328125,-0.1507415771484375,-1.465267503336071,1.429141456833037,4.372925423612213
19.770541416597553,0.3836212158203125,-1.165618896484375,1.24603271484375,0.9622922472193455,0.9833543893324552,0.7623783315670214
19.8299094166141,-0.1456146240234375,-0.929046630859375,0.2815399169921875,-0.3723205730374378,1.167820106449557,1.229781745003558
19.889281416661106,0.0032196044921875,-0.9890899658203125,0.328125,0.1018557916833886,0.4936778944351496,0.8441235285947856
19.948645416647196,-0.0363006591796875,-0.9725189208984375,0.1652374267578125,0.3100276372438304,1.113288154704658,1.060158090957577
20.008007416618057,-0.106475830078125,-0.8508148193359375,0.3180694580078125,-0.09610389636103542,1.084882878517873,1.681701539862374
20.06737441662699,-0.3007659912109375,-0.977691650390625,0.056396484375,-0.4052718652049883,1.518550698845831,2.082880659104129
20.12673841661308,-0.3843841552734375,-2.125732421875,0.0985260009765625,-0.016334232229892,1.41137231340781,2.595876857770604
20.186101416591555,-0.721923828125,-0.44293212890625,0.606292724609375,-0.7940449148247176,-0.1136535953124396,2.524934507388637
20.24546341667883,-0.9420318603515625,-0.053985595703125,0.0263824462890625,-0.8651806107018241,1.621832080660739,0.856807099602397
20.304828416672535,-1.132064819335938,-0.44451904296875,-0.42529296875,0.7746310031102579,1.457696668989193,-0.7042915923990851
20.364192416658625,-0.513916015625,-0.291961669921875,-0.4009246826171875,0.8855266287978114,1.720136813346616,-0.7860117557126025
20.42353641660884,-0.6739044189453125,-0.658935546875,-0.159332275390625,0.08898526676725362,-0.6221983202168475,-0.4098610243954128
20.482893416658044,-0.5016632080078125,-0.83697509765625,0.2999725341796875,-0.06534811419614633,-0.891730462557151,-0.7896176758285698
20.54225441662129,-0.4673004150390625,-0.77362060546875,0.4978790283203125,-0.2404205958324293,-0.9772086124848793,-0.6619143078693083
20.60162541666068,-0.602264404296875,-0.8577880859375,0.0926971435546875,-0.0550491376285919,-0.2274573929103596,-0.5155437785652452
20.660964416572824,-0.34136962890625,-0.912933349609375,-0.122711181640625,0.1424961625502157,0.3161704846142072,-0.9733907047461418
20.720345416571945,-0.3689117431640625,-0.94635009765625,0.2056884765625,0.1205671615022853,-0.0322886976883387,-0.7350585598405526
20.779711416573264,-0.359222412109375,-0.92681884765625,0.0752410888671875,0.08454897302339963,0.05975947064861505,-0.3054672401931787
20.83907541667577,-0.399261474609375,-0.94757080078125,-0.02032470703125,0.05111511606632685,0.00085301049715238,-0.006380933971829855
20.898442416568287,-0.4447021484375,-0.9035797119140625,0.099395751953125,0.1246758864320595,-0.2013166025984689,0.1056715688932541
20.957808416569605,-0.4117584228515625,-0.891815185546875,0.085113525390625,0.04528013011796324,-0.1025127935243111,0.07789692925259969
21.017173416679725,-0.445281982421875,-0.8742523193359375,0.005889892578125,0.01628682796248859,-0.1531482742783147,0.1093531227841796
21.07654641661793,-0.4890899658203125,-0.824371337890625,0.12774658203125,0.07285023898689955,-0.1292754319507354,0.06434836352293058
21.13591941667255,-0.449859619140625,-0.862884521484375,0.1884765625,0.1231925057048854,-0.07163104383986127,-0.008745288387602202
21.19528541667387,-0.4583892822265625,-0.8658294677734375,0.11614990234375,0.0183374620018496,0.04393922850910834,-0.07189150099447102
21.254650416667573,-0.4737396240234375,-0.8307342529296875,0.1039581298828125,0.02051646040575244,0.04994332518669199,-0.1135268288445518
21.31401341664605,-0.4573974609375,-0.8344573974609375,0.143524169921875,0.02341131651066857,-0.02391731711778362,-0.1755987222676827
21.373377416632138,-0.4267578125,-0.878021240234375,0.154388427734375,0.03010011190451158,0.0292638793222267,-0.288101831989208
21.43274441664107,-0.3788299560546875,-0.9134521484375,0.0657958984375,-0.05697939678668133,0.0759610774562211,-0.3238323990703652
21.492109416634776,-0.39056396484375,-0.8660430908203125,0.0897369384765625,-0.01780163399052566,0.04411286661218151,-0.185961614701399
21.551466416567564,-0.3795013427734375,-0.9194488525390625,0.1641998291015625,0.0613981136673408,-0.1051333440369491,-0.2162550721010503
21.610831416677684,-0.39892578125,-0.8098907470703125,0.0672760009765625,-0.07546706107401141,0.001409877481087949,-0.2292193402875561
21.670179416658357,-0.34100341796875,-0.91961669921875,0.1233367919921875,0.06713669318424355,-0.03561338799319362,-0.4046177928412648
21.72955441661179,-0.330047607421875,-0.916748046875,0.0962982177734375,0.05233058278783902,-0.01668896528709055,-0.4325468958251438
21.788923416635953,-0.3166656494140625,-0.94549560546875,0.08514404296875,0.02035294231482157,-0.02857705007709526,-0.4665394839789151
21.84828041656874,-0.1903228759765625,-0.9891815185546875,0.13104248046875,0.0362040771229732,-0.04830601374851127,-0.4087558125430299
21.907642416656017,-0.2245635986328125,-0.9543609619140625,0.159149169921875,0.06817585864159247,-0.01912202925898695,-0.2193326210567459
21.966977416654117,-0.2476959228515625,-0.925567626953125,0.11077880859375,0.02599405013582741,0.08162029477263949,-0.1341258472440967
22.02635241660755,-0.217071533203125,-1.010955810546875,0.1163177490234375,0.0003701793915210141,0.06573400623809882,-0.137160252990133
22.085732416599058,-0.239715576171875,-0.9658050537109375,0.1452789306640625,-0.01866503081592935,0.1036350496076705,-0.06190837533219998
22.145097416592762,-0.214324951171875,-0.8734893798828125,0.1557769775390625,-0.07801996729496136,0.1644230330692741,-0.05621134112830248
22.204468416632153,-0.205108642578125,-0.916534423828125,0.13494873046875,-0.04056580235630497,-0.02324060788479449,0.001303351037484779
22.2638294165954,-0.2378082275390625,-1.00274658203125,0.0624847412109375,-0.0008420915366830551,-0.1732442215479436,0.1138304292088208
22.32320041663479,-0.285614013671875,-0.9078521728515625,0.105560302734375,0.01424471603861583,-0.132892271027172,0.116589996730361
22.38257241656538,-0.2628631591796875,-0.9210968017578125,0.107269287109375,0.001143028739862009,0.00779640409120697,-0.08002799075688111
22.4419384165667,-0.24688720703125,-0.92401123046875,0.12890625,0.02263101031127535,0.03873567805520252,-0.1794880027236344
22.501308416598476,-0.1865692138671875,-0.9492645263671875,0.088836669921875,0.01832414619639921,0.0235402135074284,-0.2176947769863472
22.560678416630253,-0.169281005859375,-0.921173095703125,0.12872314453125,0.1053930022432318,-0.2484867781420613,-0.07075646173787925
22.620023416588083,-0.2538299560546875,-1.026626586914062,0.197296142578125,0.1639452619697139,-0.4534069040115164,0.2075997985582928
22.67941041663289,-0.2355194091796875,-0.929168701171875,0.2372283935546875,0.05371542655468022,-0.1343341064413409,-0.03473347956903144
22.738761416636407,-0.1924591064453125,-0.9571380615234375,0.0917205810546875,0.03371828256149324,-0.2950894340573579,0.1642222307230822
22.798124416614883,-0.2672119140625,-0.88226318359375,0.175384521484375,0.09583225392984734,-0.2110147700241014,0.2016961030538051
22.857474416610785,-0.2423248291015625,-0.9380340576171875,0.1162109375,0.06621257628598605,-0.1810590014506721,0.09369586610338577
22.916865416569635,-0.3015899658203125,-0.924285888671875,0.207977294921875,0.1332837557074137,-0.175408039933633,0.1554870623476223
22.976235416601412,-0.259429931640625,-0.93902587890625,0.224395751953125,0.117867248789163,-0.06470975448285433,0.05193217388876316
23.03559087496251,-0.2507781982421875,-0.9700775146484375,0.14898681640625,0.1190944334194715,-0.02399934247935806,0.09092191751195924
23.094955874956213,-0.24163818359375,-0.920562744140625,0.2489471435546875,0.08685154210188213,0.1346670015776008,-0.0003792341392272835
23.154312875005417,-0.221435546875,-0.9306182861328125,0.219757080078125,-0.04411526345716258,0.1443137699941948,0.08579107135581258
23.21368987497408,-0.273895263671875,-0.8848876953125,0.1702117919921875,-0.09241861404458378,0.3011553160722314,0.1447944705709541
23.273071874980815,-0.2977294921875,-0.92901611328125,0.1654815673828125,-0.08678389781019412,0.1366606439696341,0.1679298835926905
23.332412874908186,-0.322235107421875,-0.911651611328125,0.1341705322265625,-0.06715959636961823,-0.0006649913241927858,0.1438724842015687
23.391784874955192,-0.30816650390625,-0.9255828857421875,0.172454833984375,-0.001360875317030491,-0.05671041751658333,0.0752380292202646
23.451144874910824,-0.2863006591796875,-0.920196533203125,0.1671142578125,0.02965589663468636,-0.03288204997920836,0.01636512489853692
23.510498874937184,-0.321685791015625,-0.9102325439453125,0.209320068359375,0.03898494993323394,-0.0834927633350742,0.06382744921371108
23.569884874974377,-0.2893829345703125,-0.9189453125,0.1818389892578125,-0.01489399471237715,0.003269030238072265,0.004220577695557576
23.62924987496808,-0.2882843017578125,-0.9199676513671875,0.1671295166015625,-0.04039802320762998,0.0139411156743468,0.0008932242296125765
23.68861787498463,-0.3402862548828125,-0.918243408203125,0.1703948974609375,-0.03097895506423773,-0.01646659133606894,0.05026450241415554
23.747984874993563,-0.304351806640625,-0.9193572998046875,0.1806640625,-0.01792786782619541,0.02568991713934036,-0.1058159122243364
23.80735387490131,-0.2756195068359375,-0.9210052490234375,0.1602020263671875,0.001035969664040824,-0.009815879145814057,-0.02867052703135705
23.866717875003815,-0.288238525390625,-0.9298553466796875,0.1693115234375,0.0190330796785783,-0.02525528924943943,0.03439632337502741
23.926089874934405,-0.317840576171875,-0.9163818359375,0.1819000244140625,0.02648566967305604,-0.02756078780512103,0.01630493745790113
23.985458874958567,-0.2842254638671875,-0.9267730712890625,0.1965789794921875,-0.01591292014544146,0.001324390010096405,-0.09701895851158665
24.044828874990344,-0.2793426513671875,-0.927398681640625,0.1608734130859375,-0.06012778582737301,0.1141406874758151,-0.08975705085115858
24.104200874920934,-0.27752685546875,-0.9309539794921875,0.1663970947265625,-0.06246124757450044,0.07874541237589895,-0.007293332961291002
24.163559874985367,-0.3318023681640625,-0.896270751953125,0.155517578125,-0.04881201435562633,0.04538958603876549,0.07089175032125528
24.22294887492899,-0.2786102294921875,-0.957275390625,0.1674957275390625,-0.01424631393526988,-0.07769506164197169,0.1010451254475684
24.282314874930307,-0.3625946044921875,-0.9059295654296875,0.1611480712890625,0.004202468200145038,-0.008194546674173816,0.03633297411973303
24.341688874992542,-0.2656707763671875,-0.90899658203125,0.148345947265625,-0.01438320041529995,0.09290543989185025,-0.193959620087125
24.40106487495359,-0.2812347412109375,-0.93536376953125,0.1510162353515625,0.04231283603139695,-0.0594787734697207,0.01666446420506183
24.46043887489941,-0.3078155517578125,-0.923675537109375,0.173736572265625,0.06150410747872596,-0.04853078454451396,0.06025455229526078
24.519791874918155,-0.299163818359375,-0.916839599609375,0.17474365234375,0.0008223841446164688,-0.05307333841586211,0.005915413413284004
24.57917587494012,-0.2976226806640625,-0.9104461669921875,0.16192626953125,-0.008674448302606094,-0.02818210328743652,0.05466777296049256
24.638545874971896,-0.3350372314453125,-0.9138641357421875,0.1601715087890625,-0.001278317323238034,-0.03637691627771934,0.09206814204512935
24.69789187493734,-0.326324462890625,-0.915191650390625,0.16851806640625,-0.004375573671000188,-0.02889396624681469,-0.02526487662936372
24.757263874984346,-0.278350830078125,-0.9314117431640625,0.174896240234375,-6.764429168801266e-05,-0.02517938915837217,-0.08499425355766087
24.81663687492255,-0.2866973876953125,-0.91131591796875,0.1483917236328125,0.01128487880310176,-0.08998874586599548,0.04043637272732712
24.876017874921672,-0.3072509765625,-0.92816162109375,0.1854248046875,0.03459286466347525,-0.1109515520704452,0.08118273740553947
24.935396874905564,-0.336669921875,-0.9097137451171875,0.167510986328125,0.02744280976883052,-0.05433674203699571,-0.007914914759715496
24.99475187493954,-0.2891082763671875,-0.9265899658203125,0.1774749755859375,0.01702931727440268,-0.02057132152420807,-0.1596501157636341
25.05414187500719,-0.289764404296875,-0.9213714599609375,0.1859893798828125,0.01918487986071282,-0.01071842443924191,-0.1256490054943745
25.11351187492255,-0.2902069091796875,-0.918975830078125,0.1629638671875,-0.0009480853480682088,0.007131679083123192,-0.1567664449352963
25.1728868749924,-0.2595367431640625,-0.9442596435546875,0.175811767578125,-0.002025600325114269,0.006212355874827839,-0.1407683036349723
25.232263874961063,-0.2727813720703125,-0.923126220703125,0.2030181884765625,-0.01177117201815023,-0.02758582151936777,-0.1212137770149565
25.291634875000454,-0.2417755126953125,-0.9270172119140625,0.180694580078125,-0.06938227061539837,-0.05175374209572785,-0.1103150565699162
25.351006874931045,-0.26397705078125,-0.9952239990234375,0.2703399658203125,-0.1201325336123844,0.03729117947994354,-0.02924683509125019
25.410375874955207,-0.1638946533203125,-1.051986694335938,0.1878662109375,-0.3396814033496447,0.7274150211959161,0.206062089344881
25.469741874956526,-0.1473388671875,-1.319778442382812,0.0226593017578125,-0.3595475198171998,0.8437554797321366,0.5032213322014486
25.529119874932803,0.1456451416015625,-1.473480224609375,0.0186309814453125,-0.3160724802860922,0.6705277697829515,1.363202387191002
25.588485874934122,0.1061553955078125,-1.298858642578125,0.6080474853515625,-0.1340938893110158,0.005333246398992682,1.900378490658743
25.64784387499094,1.04376220703125,-0.612640380859375,0.348388671875,-0.09864455204097101,-0.8464428755881356,0.1254753673913013
25.707237874972634,0.4769744873046875,-1.150115966796875,0.3416290283203125,0.1342579400341646,0.2986940225927802,-1.638323439394946
25.76659687492065,0.4190826416015625,-1.26458740234375,0.3183135986328125,-0.01601625079573654,-0.04300632317925358,-2.250714136265358
25.825985874980688,0.09539794921875,-1.17974853515625,0.3097686767578125,0.5145168636489107,-1.449882155402574,-2.697545695545469
25.885332874953747,0.0131988525390625,-1.222793579101562,0.2901611328125,0.4890591741566252,-1.478992636646012,-3.119332887934475
25.94470187497791,-0.2307586669921875,-1.113357543945312,0.277679443359375,0.09228279282898973,-1.181937523388067,-3.305064405517691
26.00407587492373,-0.260528564453125,-1.169830322265625,0.33697509765625,0.1711895927669475,-1.149828589073308,-3.251020877516713
26.06343687500339,-0.6660308837890625,-1.239669799804688,0.234466552734375,0.1285523837147789,-1.47151714346616,-1.902325794047809
26.122818875010125,-1.501861572265625,-0.93212890625,0.4799041748046875,0.3888337696925832,-0.6351926821236712,2.216800377679853
26.182188874925487,1.000885009765625,-2.221649169921875,0.152313232421875,1.292005971241042,1.662219717540118,-2.774152589566035
26.241583874914795,-0.1368408203125,-0.394439697265625,0.4931488037109375,1.907442259134069,1.063410609596891,4.045974995537584
26.300953874946572,-0.09478759765625,-0.88909912109375,-0.0426025390625,-0.7685233094662702,-0.5369840895531461,1.021368084416137
26.360334874945693,0.1544036865234375,-1.136001586914062,0.233795166015625,0.6919334596766814,-0.2021802657399815,0.5664149490757208
26.419709874899127,0.3447265625,-0.9021453857421875,0.2105560302734375,0.2171136752364919,0.7359573767084543,0.4023535732824794
26.479084874968976,0.413238525390625,-0.9350433349609375,0.2670440673828125,0.3236305314597371,0.3400060426865253,0.9642374200795394
26.538453874993138,0.046295166015625,-0.9713134765625,0.185455322265625,0.3524203681079297,-0.2903700462896285,1.542527937088142
26.597822874900885,-0.08807373046875,-0.9549102783203125,0.21954345703125,0.4123521452790729,-0.2202671242832547,1.560968729740286
26.657193874940276,-0.057647705078125,-1.085845947265625,0.336883544921875,0.319963891270916,0.319627800341348,1.670086429084103
26.716566874994896,-0.035675048828125,-1.265670776367188,0.2592010498046875,0.1097121168991223,1.174900386523641,1.840689593779015
26.77594387496356,0.4098663330078125,-2.03887939453125,0.454833984375,-0.6015814586379992,1.727565701207392,2.589983282278259
26.835321874939837,1.167129516601562,-2.1414794921875,0.3096466064453125,-0.2537688918481245,2.416154496871043,3.087785614293614
26.894693874986842,-0.2598724365234375,-0.2128448486328125,0.5602569580078125,1.229066952566981,1.732146604598437,5.930253079510144
26.954066874925047,0.918365478515625,0.0744781494140625,-0.6562042236328125,0.366645909386697,1.602700464021828,-3.094764161614058
27.013439874979667,0.2984771728515625,-0.6811370849609375,-0.0877838134765625,0.7764318326393695,-1.120977233403935,-3.874608036242037
27.072815874940716,0.0694732666015625,-1.114654541015625,0.1941680908203125,0.001139832946553914,-2.112069170967506,-5.943607234480237
27.13218987500295,0.0944366455078125,-2.03399658203125,0.458282470703125,0.02092285878809853,-1.100520694122709,-6.533541624406883
27.19156187493354,-1.00628662109375,-1.96185302734375,0.7394866943359375,0.08936183774539082,-1.818555529327148,-3.208506706506906
27.250931874965318,-2.64471435546875,-0.931976318359375,0.4757537841796875,-0.5416795088710649,-0.06956150135676069,-1.094165060181235
27.310287875006907,1.195892333984375,-3.656646728515625,-2.687606811523438,-3.807254561745061,-1.573439247860691,0.1552132893875621
27.369644874939695,-0.17633056640625,-0.6499481201171875,0.8441009521484375,3.644976971249954,1.166676811393586,5.153117639710775
27.42901887500193,-0.12518310546875,-0.68218994140625,-0.412353515625,-1.802573366993365,0.9762312323648202,2.156428646296629
27.488418874912895,0.197052001953125,-1.081268310546875,0.2404632568359375,0.1246833432831118,-0.2802465720379103,1.406940547037809
27.547787874937057,-0.0019683837890625,-0.961334228515625,0.12103271484375,0.0002316950148368937,0.3979801301403513,0.921876647148521
27.607151874923147,-0.215911865234375,-0.8554840087890625,0.3206939697265625,0.1603776913734438,0.07065020161038509,1.330604762816214
27.666524874977767,-0.2445526123046875,-0.96337890625,0.207000732421875,0.07127045182826454,0.3445283565335889,1.030155450748963
27.72589387500193,-0.15728759765625,-1.167266845703125,0.3519744873046875,0.1125638297943792,0.7754107766774332,1.111758967606735
27.785260875010863,0.035491943359375,-1.61126708984375,0.4181060791015625,0.06758037582185075,1.425778150692376,1.113090015519556
27.84462687501218,1.69970703125,-2.915985107421875,0.9512481689453125,-0.7297370313503562,1.88918522459714,2.681939571557605
27.903988874983042,0.379608154296875,-2.110549926757812,1.177536010742188,1.572641364798103,-0.3385362440809106,7.024487914511939
27.963357875007205,0.72650146484375,0.335174560546875,0.1121063232421875,-0.8982783767293289,-1.065476157338357,2.261450403883904
28.02270949992817,0.4130706787109375,-0.7742462158203125,-0.2023468017578125,0.8879772696329024,-0.9727789766437506,-4.141600055534623
28.082076499937102,-0.0301971435546875,-1.483535766601562,-0.023529052734375,0.00769120922814884,-1.616912955811254,-6.056722871252481
28.141439499915577,0.11553955078125,-1.6671142578125,0.5929412841796875,-0.07374825690647427,-2.014192408268805,-6.440365607348281
28.20080649992451,-0.5518646240234375,-1.963607788085938,0.924713134765625,0.6160749139224283,-1.23669371329675,-5.620416657232581
28.26019349996932,-1.592987060546875,-1.451751708984375,0.0870513916015625,-0.5972479629122222,0.01982350589011382,-1.947897273989027
28.31956450000871,-2.049285888671875,-0.7977752685546875,0.332977294921875,0.469895599584633,-1.517064654957567,2.483449381824037
28.37893849995453,0.718658447265625,-2.222610473632812,1.562591552734375,-3.42401183244499,0.1423432971036452,-1.179923640971749
28.438308499986306,-0.876922607421875,-0.3148040771484375,0.4212799072265625,0.2971576449599135,0.05902257397499013,6.244596635616556
28.49768149992451,-0.0123443603515625,-0.8190155029296875,0.2513580322265625,0.5413370263548807,-0.2167323105683925,-0.6635436298242187
28.557046499918215,-0.0474700927734375,-0.854766845703125,0.3170318603515625,-0.2763530305242144,0.3647121881191904,0.1813138659669927
28.616415499942377,0.1900787353515625,-1.057632446289062,0.1599884033203125,-0.01451316267649582,0.5840376186409931,0.2024662892410561
28.675773499999195,-0.1128387451171875,-0.897857666015625,0.285919189453125,0.02385180335496767,0.2274209076034256,1.108170091721744
28.735128499916755,-0.0114898681640625,-1.130706787109375,0.3518829345703125,0.02868117967571737,0.3526797599981034,1.097197335398399
28.794516499969177,0.1224365234375,-1.449249267578125,0.3485565185546875,-0.007349259344182665,1.165047489438675,1.645683884015707
28.853868499980308,0.5036163330078125,-2.412948608398438,0.3718414306640625,-0.290355398903633,2.301511803529748,2.843876277433181
28.913229499943554,0.7136383056640625,-2.139266967773438,0.1438751220703125,-0.8994288623202431,2.366346193951618,5.431947942680981
28.972586499992758,0.0935821533203125,-0.2833709716796875,0.2071685791015625,1.269090535325346,0.4630688524463239,6.007160910733888
29.031970499898307,0.931610107421875,-0.1659393310546875,-0.1914825439453125,0.1272192052730852,0.6015114175013301,-3.82569695229386
29.091336499899626,0.0389862060546875,-0.840606689453125,-0.02423095703125,0.2759578174184467,-0.6449321285462,-5.740089529240818
29.15068149997387,0.25286865234375,-1.505172729492188,0.0994873046875,0.1742793922636574,-1.628279327343712,-7.056333994827106
29.210061499965377,-0.0965728759765625,-2.321502685546875,0.68756103515625,0.4060947819818227,-2.633603464088776,-7.004630320159872
29.269422499928623,-2.345306396484375,-2.038238525390625,1.497451782226562,-0.1921278978893685,-0.2352375517189171,-1.087910360045075
29.32878250000067,-1.451004028320312,-0.92022705078125,0.176361083984375,-1.658862802986073,-1.892664644561328,1.931264767717046
29.388147499994375,1.176620483398438,-0.3980865478515625,1.77392578125,2.770735753887463,0.4514486816619812,1.306305015765895
29.44750349991955,-0.9177703857421875,-0.1728515625,0.2053070068359375,-0.7884586681221674,0.5711822737430716,3.812450389031806
29.506868499913253,0.1799774169921875,-0.97314453125,0.1634368896484375,0.2782966054877543,-0.927120411334887,-0.5876115808238794
29.566233499906957,0.24981689453125,-0.7682037353515625,0.3056488037109375,-0.08315507450885215,0.708454645815097,0.1914684992034648
29.625596500001848,0.346405029296875,-0.981231689453125,0.1121368408203125,-0.1447950032031722,0.3324005872454771,0.7839653827309857
29.684959499980323,0.08660888671875,-1.00921630859375,0.2472991943359375,0.1835338770516828,0.03515053059573785,1.531396456363828
29.74431849992834,-0.0086822509765625,-1.123138427734375,0.427337646484375,0.1369008610999593,0.3590556339638621,1.863559755956179
29.803671499947086,0.170318603515625,-1.630706787109375,0.2892303466796875,-0.2342820095197967,1.43848249435649,2.219213201627465
29.86304849991575,1.362060546875,-2.608612060546875,0.8309326171875,-0.2254552284028381,2.105304475482596,3.270299500647797
29.922406499972567,0.2671051025390625,-2.598724365234375,0.4007110595703125,0.8799142831165785,1.471046829217652,7.541413873682935
29.98177149996627,0.6115875244140625,-0.13531494140625,0.0132293701171875,-1.228955632433416,-4.668084099857913,2.895813777644125
30.041148499934934,0.9039306640625,-0.348663330078125,0.1104888916015625,1.352451205870352,-1.292048049186265,-3.313919948774422
30.100515499943867,0.077239990234375,-0.732421875,-0.14996337890625,0.06696784877113253,-1.260541255593973,-4.405283896121112
30.159889500006102,0.3412322998046875,-1.26171875,0.4169464111328125,-0.1104130608980312,-2.344957548288864,-6.370647778435533
30.21925049996935,0.122406005859375,-2.840988159179688,0.90423583984375,0.8623496704630699,-3.704544427983975,-7.089599007371068
30.278620500001125,-6.32196044921875,-1.037322998046875,1.164718627929688,-2.686460021191905,-2.513692505479086,0.9069107470867117
30.337988499901257,-0.3608245849609375,-4.115432739257812,-0.0103607177734375,-0.8909040836708995,-0.03253077903142691,3.14221636591709
30.397348499973305,-0.2879180908203125,-0.828643798828125,0.1538238525390625,0.01747246727979187,1.941439640977803,3.568541052171372
30.456698499969207,-0.108642578125,-0.89642333984375,-0.36669921875,0.2573220813745082,0.6749006802928617,0.3593440543099177
30.516066499985754,-0.062469482421875,-0.8570556640625,0.3990325927734375,0.6739486002031583,0.04773077095305416,0.4655866049408848
30.575430499971844,0.247528076171875,-1.071456909179688,0.21893310546875,0.005176119894678008,0.4558908343602333,0.134605748872529
30.634787499904633,-0.0328521728515625,-0.957794189453125,0.23779296875,0.2609636878490826,0.6066015172927984,0.9335535432640825
30.694254499976523,-0.094573974609375,-1.0565185546875,0.43682861328125,0.3611182522281285,0.6555139328215208,1.21552424579171
30.753597499919124,0.234649658203125,-1.552093505859375,0.1268463134765625,0.1245043788578584,1.582033801330595,1.50577578141283
30.812953499960713,0.6764068603515625,-2.062911987304688,0.3928375244140625,0.09735398417671862,3.090093243378168,3.247860770567225
30.872334499959834,0.6608123779296875,-2.053787231445312,0.3083648681640625,-0.4736384061806304,3.162613516706007,6.363486005632091
30.93169749993831,-0.2853240966796875,-0.4524383544921875,0.0905303955078125,0.6068641049762803,2.178281480937383,6.43454074141206
30.99105149996467,0.7618560791015625,0.0873565673828125,-0.2232208251953125,0.7592933257602736,0.9575140035915254,-4.085145301482688
31.050412499927916,0.34783935546875,-0.949493408203125,-0.21856689453125,1.011586826364494,-1.045977290785123,-4.936962169834493
31.109807499917224,0.1781158447265625,-1.670440673828125,0.0703582763671875,0.317712454885363,-2.31595625665012,-6.308945531771704
31.16915849992074,0.1587066650390625,-2.10400390625,0.69110107421875,-0.6427033290299127,-3.076250664664154,-6.7124437316907
31.228527499944903,-0.725341796875,-1.881851196289062,1.109375,0.1564756277442597,-2.980492979244829,-5.085497316472573
31.28789049992338,-2.015121459960938,-0.5266876220703125,-0.0761566162109375,-0.65740397824715,-0.8819390844933657,-0.6024038427826156
31.347255499917082,-0.173736572265625,-1.37799072265625,-2.216583251953125,1.276687468650906,-2.285216453451771,2.517882456822108
31.40662349993363,-0.00128173828125,-0.7521209716796875,0.023162841796875,-4.022104017422768,2.142701915090034,7.092563105664326
31.466005499940366,-0.720977783203125,-1.764114379882812,-0.05535888671875,1.719041721506375,-5.31395126426284,1.976983254150436
31.52537049993407,-0.3674468994140625,-0.4722137451171875,-0.1451416015625,-0.6233868890113499,0.2697049814950497,1.225716163283443
31.584744499996305,0.23028564453125,-1.373611450195312,0.412078857421875,0.8034000671019479,0.01817341127870072,-0.9260924311541164
31.644110499997623,-0.29486083984375,-0.8907012939453125,-0.044158935546875,-0.4733614374272621,0.1839216333063983,0.7012438708475984
31.703476499998942,0.088470458984375,-1.119110107421875,-0.1510772705078125,-0.2196356887887969,0.0001936118112487606,0.5541633427969203
31.762847499921918,-0.225738525390625,-0.6583251953125,0.1325836181640625,0.1164749481712695,-0.05209675724413006,0.7648795724628238
31.822210499900393,-0.1548919677734375,-1.012908935546875,0.042572021484375,0.3626666140859006,0.1650667191047463,0.1688923500106451
31.881556499982253,-0.184600830078125,-0.882904052734375,0.057220458984375,0.4528588254591781,0.1174936072882248,0.34853055501976
31.94091349991504,-0.1670684814453125,-1.104415893554688,0.15142822265625,0.524710911669516,0.2274733718769001,0.3143078697478057
32.000270499964245,-0.35565185546875,-0.8651275634765625,0.1094512939453125,0.1400492501406509,-0.05594182922598646,0.4547560614197506
32.05963549995795,-0.33428955078125,-0.9162139892578125,0.170074462890625,0.1776211267994888,0.2065132288335405,0.1065264436031695
32.11901949997991,-0.23638916015625,-0.9441070556640625,0.2685089111328125,0.1476941203658324,0.3951513204304691,-0.07996940121289936
32.178381499950774,-0.11297607421875,-0.9608917236328125,0.351654052734375,-0.2429889483877018,0.1958848192391432,0.08299741537231946
32.23775649990421,-0.027435302734375,-0.9837188720703125,0.19989013671875,-0.4334028357994952,0.2404227263613014,0.1293167109476316
32.29711749998387,-0.314697265625,-0.966339111328125,0.1256866455078125,-0.7672322089697998,0.1333074578411154,0.2795685312243761
32.35647649993189,-0.283721923828125,-0.966644287109375,0.0140533447265625,-0.5669710171113294,0.3566196405147666,0.0064597635400962
32.41584149992559,-0.1307525634765625,-0.9241180419921875,0.1415252685546875,-0.5161131624063041,0.2977861509771721,-0.02164670597238206
32.475186499999836,-0.3155059814453125,-0.916107177734375,0.0276031494140625,-0.5573660603238496,-0.09712548495518981,0.1223237825573016
32.5345484999707,-0.2970733642578125,-0.899169921875,-0.046142578125,-0.5010268874632233,0.09887651337191691,-0.04289500304568827
32.59391249995679,-0.2734832763671875,-0.933624267578125,-0.011383056640625,-0.3637127037620837,0.07846604677754963,-0.1428002955467028
32.65327349992003,-0.2880706787109375,-0.8950347900390625,-0.120635986328125,-0.2553779737787504,0.01978622163485271,-0.1335751055306683
32.71263749990612,-0.2229156494140625,-0.95135498046875,-0.0590667724609375,-0.09143750549899858,0.009472065049084826,-0.1632299369009187
32.77200349990744,-0.2541046142578125,-0.9795989990234375,-0.0493621826171875,-0.1342116010311973,-0.03530712446783451,-0.1957987991359337
32.831372499931604,-0.2239227294921875,-0.9389190673828125,-0.1133270263671875,-0.169224179882469,-0.007562312231389005,-0.1939894474913338
32.89073949994054,-0.216766357421875,-0.960296630859375,-0.0918731689453125,-0.06832179986932881,-0.05053614484534363,-0.0922076916862495
32.95010349992663,-0.205169677734375,-0.959136962890625,-0.0975799560546875,-0.1638685629303197,-0.2095830546220748,0.03314676819156223
33.00947225000709,-0.3261871337890625,-0.8303375244140625,-0.1485137939453125,-0.1616538781678098,-0.1927412238884137,0.0159075938232613
