accelerometerTimestamp_sinceReboot,accelerometerAccelerationX,accelerometerAccelerationY,accelerometerAccelerationZ,gyroRotationX,gyroRotationY,gyroRotationZ
529773.0534685,-0.0328826904296875,-0.9399871826171875,0.171356201171875,-0.01352832570538451,0.07365025257835935,0.0343558433264582
529773.1128445,0.020965576171875,-0.9612274169921875,0.15606689453125,-0.0004538026497495022,0.1280051041107676,-0.06323462955505944
529773.1722115,-0.013641357421875,-0.9589691162109375,0.17236328125,0.00880973688598212,0.05561639094077878,-0.07628837995419184
529773.2315775,-0.0011444091796875,-0.96942138671875,0.1741485595703125,0.001616006149460082,0.1084106300744006,-0.1163124953447747
529773.2909475,0.0589599609375,-0.97760009765625,0.1727142333984375,0.01667618211385817,0.1389126129874051,-0.1464871757598085
529773.3503165001,0.0480804443359375,-0.972900390625,0.183685302734375,-0.005279450544973082,0.003827228802552873,-0.0501419970040119
529773.4096855001,0.0298309326171875,-0.9740753173828125,0.1786346435546875,-0.02233859522358465,0.006580937369694805,0.01590546329438924
529773.4690515001,0.020721435546875,-0.9697418212890625,0.1643218994140625,-0.03853966939897269,-0.03519340748928813,0.09310357907695214
529773.5284155001,0.00103759765625,-0.9640960693359375,0.15203857421875,-0.0267732910707846,-0.02127839079362411,0.1089440612407435
529773.5877935,-0.0138702392578125,-0.962188720703125,0.151153564453125,0.02785187131226669,0.03593376627233015,-0.01210832821215426
529773.6471725,0.0180816650390625,-0.97576904296875,0.1808929443359375,0.04919018323041758,0.04083664583916603,-0.051590756637015
529773.7065475,0.1557464599609375,-1.047225952148438,0.21319580078125,-0.04625964076689439,0.1422887023012986,0.09647141259146635
529773.7659265001,0.418731689453125,-1.237258911132812,0.3472442626953125,-0.5136018014983594,0.3154572900742839,1.392609011947657
529773.8253055001,0.2703857421875,-1.578353881835938,0.09991455078125,-0.631757736949687,0.6313673175338813,2.000895244946039
529773.8846815,-0.0217132568359375,-0.966278076171875,0.3476104736328125,-0.5781142157444389,0.477659513110541,1.9375961668926
529773.9440615,0.0936126708984375,-0.44647216796875,0.09716796875,0.1004373920868124,0.3176205758277553,0.02851979211365856
529774.0034255,0.2895050048828125,-0.411895751953125,0.099029541015625,0.6933278908234469,0.416725322105092,-2.771350411467053
529774.0627965,0.14862060546875,-0.7463226318359375,0.091339111328125,0.9267289266546453,-0.5576001521836675,-3.426679787225031
529774.1221805001,-0.2395782470703125,-1.247756958007812,0.2106170654296875,1.198484275872947,-1.955983163690725,-3.72023630575894
529774.1815355,-0.1940155029296875,-1.2557373046875,0.34912109375,0.741022442785676,-1.144745679816783,-3.567383109729406
529774.2409275001,-0.4683380126953125,-1.170181274414062,0.18780517578125,0.9858132859669253,-0.1577456892681185,-1.055172120764731
529774.3002945001,1.365875244140625,-0.860626220703125,0.646453857421875,-0.05253564619177511,0.1727254377675962,2.117079375926272
529774.3596555,0.068023681640625,-1.133041381835938,-0.0883941650390625,0.1812696574928974,-0.6206939005170617,2.224004761060736
529774.4190315,-0.41326904296875,-0.7624359130859375,0.4418792724609375,0.3146540806895161,-1.065790144030877,1.91347112320979
529774.4784065001,0.3563385009765625,-0.940277099609375,0.314422607421875,0.1681205659267402,1.217208961497294,0.5025454219167864
529774.5377725001,0.23297119140625,-0.8820648193359375,0.3500213623046875,-0.06789675935935216,0.3899094204568662,0.8260028479056685
529774.5971495,0.03106689453125,-0.9486541748046875,0.282073974609375,-0.1105600673902035,0.1692553388672229,1.092760509022327
529774.6565165001,-0.0162506103515625,-0.941802978515625,0.3055267333984375,-0.2088307116141274,0.3134705719010848,0.9056569308455024
529774.7158875001,0.0043792724609375,-0.9736328125,0.3224334716796875,-0.1873890690456815,0.1323130334900798,1.094198083378752
529774.7752625,0.0209197998046875,-0.976898193359375,0.3249664306640625,-0.2601466300266462,0.3000844589979105,1.179716979671159
529774.8346325001,-0.0682220458984375,-1.310577392578125,0.2870635986328125,-0.4514457521847821,0.4561068167246388,1.824907701159205
529774.8940095,0.4125823974609375,-1.777450561523438,0.2664642333984375,-1.038167304572357,1.481236882496622,2.579706143631643
529774.9533845,0.61688232421875,-1.441665649414062,0.3022613525390625,-1.315315022365851,1.962726287570806,3.236188668141626
529775.0127595001,-0.806915283203125,-0.7764434814453125,0.2762908935546875,-0.6250082214829902,-0.06039996089077911,3.448561384005559
529775.0721295,0.1092376708984375,-0.1916351318359375,-0.005706787109375,-0.1891169279609249,1.215047007324368,-0.4750280436374337
529775.1315035,-0.151123046875,-0.1288604736328125,-0.0038299560546875,0.2657030493249876,-0.1164829376545398,-2.051514480417393
529775.1908795,-0.174285888671875,-0.48638916015625,0.0785064697265625,1.197114878440428,-1.134550300215633,-4.188702320470418
529775.2502545001,-0.22149658203125,-0.904571533203125,0.1736297607421875,1.548635630732129,-1.022913250480601,-5.516815429770754
529775.3096285,-0.8416748046875,-1.814437866210938,0.20184326171875,1.909564265890644,0.3626114866513359,-5.747244377825425
529775.3689795,-1.019912719726562,-1.608535766601562,-0.2879180908203125,1.7582599643511,-0.5986389319495705,-3.70297263030861
529775.4283876667,1.62335205078125,-0.5555419921875,1.723602294921875,-0.2476713182162791,-0.6231061918324555,1.922181257871004
529775.4877746667,-0.0478973388671875,-0.9774322509765625,0.1108551025390625,-0.02587793631229996,-0.7175006050897691,2.503175948650472
529775.5471536667,-0.6296844482421875,-0.8115692138671875,0.4925689697265625,0.1897347813338233,-2.022181625222934,2.456914177354706
529775.6065246667,0.4315948486328125,-0.9254302978515625,0.3524017333984375,0.03025883630548031,1.306515139175902,0.219032216485785
529775.6658986667,0.1968536376953125,-0.8635101318359375,0.354522705078125,-0.2071486590696334,0.4482347788584735,0.8871165359685887
529775.7252756667,0.0247955322265625,-0.9128570556640625,0.2937774658203125,-0.2111966639265538,0.2774976571607305,1.043553814193151
529775.7846466667,-0.098876953125,-0.9521331787109375,0.3330841064453125,-0.2701409409654956,0.1926959501498824,1.045527749193118
529775.8440196667,0.053375244140625,-0.9544525146484375,0.31402587890625,-0.3584300574238025,0.4342073767648081,0.9319684297832672
529775.9033956667,0.0886993408203125,-1.048797607421875,0.341033935546875,-0.5915844845380597,0.5296617281359732,1.683331927081721
529775.9627616667,-0.0566558837890625,-1.668014526367188,0.256011962890625,-0.7796137775097962,0.4508111208970162,2.200009679639122
529776.0221346667,0.716400146484375,-2.352615356445312,0.541748046875,-1.296703254771723,1.840537527280771,3.241809003306129
529776.0814996667,-0.324310302734375,-1.128753662109375,0.5988922119140625,-0.9793865456243461,0.7745804030495465,4.165061972106002
529776.1408706667,-0.23284912109375,-0.0610809326171875,0.2764434814453125,-0.2853310791910896,0.3203548433189397,2.638698890202424
529776.2002266668,0.047271728515625,0.1481475830078125,-0.10064697265625,-0.01277784691020019,0.3762948083321631,-2.777629612685242
529776.2596066667,-0.0225677490234375,-0.19268798828125,0.1343536376953125,1.570490595901755,-1.51791207281643,-4.768411769707814
529776.3189796667,-0.111053466796875,-1.067962646484375,0.1662750244140625,1.841685083394486,-1.510116201357441,-6.092219080157711
529776.3783466667,-0.717041015625,-2.364501953125,0.197296142578125,2.407075248082745,-0.8676664052633041,-6.665035735861764
529776.4377106667,-1.785491943359375,-1.66693115234375,-0.1062469482421875,0.5665193449904519,-1.596650028341277,0.3408473352748814
529776.4970756667,1.347213745117188,-2.17279052734375,-1.571334838867188,-0.9880130570273308,4.189908732444224,1.315533934207456
529776.5564396667,-0.346649169921875,-1.227020263671875,0.6840057373046875,0.01715927953559855,-1.477376896812661,3.22146884416454
529776.6158066667,-0.1557769775390625,-1.0289306640625,0.0816497802734375,-0.09467910517784303,0.8484775306609561,1.0127932383383
529776.6751756667,-0.0839080810546875,-0.89599609375,0.4681549072265625,-0.02496127626509468,-0.6166272535325108,1.646145676148727
529776.7345406667,0.2061920166015625,-0.9777374267578125,0.3647918701171875,-0.1525570525163171,0.2644708046886079,0.7889747887414247
529776.7938966667,-0.16778564453125,-0.937652587890625,0.25048828125,-0.3083844668512515,0.2348481975675475,1.235840969115707
529776.8532716667,-0.0219879150390625,-0.9665069580078125,0.3225250244140625,-0.2830530111946358,0.6094550944008184,0.8298756167628617
529776.9126576667,-0.0399017333984375,-1.09552001953125,0.314910888671875,-0.2562642737895288,0.431310123814911,1.000265728570567
529776.9720346667,0.14996337890625,-1.3052978515625,0.27313232421875,-0.6197490109623016,0.6788666597882076,1.847953099336097
529777.0314116667,0.59429931640625,-1.95855712890625,0.5357208251953125,-1.385739121599689,1.419424647279774,2.9245114689186
529777.0907866667,-0.2263336181640625,-1.583541870117188,0.518096923828125,-1.579693947996851,2.583866533886565,3.100238555550825
529777.1501626667,-0.670989990234375,-0.19708251953125,0.165191650390625,-0.7845406255264428,0.8665497418182339,2.963934775167261
529777.2095416667,0.134918212890625,0.0233001708984375,-0.0869598388671875,0.1767289678343123,-0.511167672262027,-2.262513537791063
529777.2689186668,-0.0939483642578125,-0.097900390625,0.095123291015625,1.481342343675789,-1.642768521570397,-4.375890587169907
529777.3282946667,-0.159912109375,-0.7720184326171875,0.26531982421875,1.698902897343196,-1.291449370573215,-6.042469100466159
529777.3876696667,-0.3395843505859375,-2.106796264648438,0.1270599365234375,2.758666840459442,0.1244537787971469,-6.689673704370523
529777.4470466668,-1.01385498046875,-1.959075927734375,-0.2474365234375,1.70064673522498,-2.579057131273991,-2.265635295220854
529777.5064256667,1.66766357421875,-0.6894683837890625,1.482070922851562,-0.2904763064171227,-2.120163582784693,1.65727982003413
529777.5658006667,-0.5043182373046875,-1.030532836914062,0.2519073486328125,-0.05893255913014545,-0.3982022377752639,3.285206278533406
529777.6251746668,-0.707000732421875,-0.761993408203125,0.445465087890625,-0.03833886705278072,-0.04758722657029888,1.591896019479376
529777.6845386667,0.521514892578125,-1.026199340820312,0.357330322265625,0.06900090594729902,0.1145926259128015,1.342868087003811
529777.7439116667,0.0034942626953125,-0.925048828125,0.3245086669921875,-0.175241326049394,-0.4372729414955984,1.450102931456942
529777.8032796667,-0.143280029296875,-0.9350128173828125,0.2526702880859375,-0.3473401220124946,0.1175290273307229,1.414056513470501
529777.8626526668,-0.08349609375,-0.940093994140625,0.32122802734375,-0.2956146094243216,0.6607465117313085,0.8591490834650126
529777.9220346666,-0.093109130859375,-1.0867919921875,0.2888641357421875,-0.2806428504081141,0.4489399839151265,0.9425012318945306
529777.9813966667,0.1603546142578125,-1.202224731445312,0.3190460205078125,-0.5722573918751366,0.7935508984425079,1.614343804307654
529778.0407846667,0.2056732177734375,-1.836944580078125,0.627166748046875,-1.277010776407241,1.184505343311121,2.705446761867516
529778.1001526667,0.84173583984375,-1.977035522460938,0.2746734619140625,-1.659971210631764,2.368274056264726,4.054428401469713
529778.1595236667,-0.610595703125,-0.7893218994140625,0.2752685546875,-0.9428319965019185,0.01379064707275732,3.075595260719886
529778.2188926667,0.3321685791015625,-0.1257781982421875,0.0255584716796875,0.08240193255257774,-0.1210300188997411,-1.784009003666641
529778.2782666667,-0.2888641357421875,-0.123870849609375,0.0960845947265625,0.9803303699146702,-0.8420973956374533,-2.530291722237441
529778.3376526667,-0.1500244140625,-0.526092529296875,0.2200927734375,1.749878463768403,-1.211357197634063,-5.127720670291343
529778.3970266667,-0.3910675048828125,-1.405487060546875,0.2568359375,2.490427929144481,-0.7757995981965847,-6.458159784487754
529778.4564036666,-0.874359130859375,-2.25103759765625,-0.0274505615234375,1.865384021302884,0.3318338665655082,-5.029574662006435
529778.5158006666,-1.333663940429688,-1.635498046875,-0.2042083740234375,1.177124658666076,-0.928634951046815,-0.9378561463212145
529778.5751846667,2.979904174804688,-1.993301391601562,-1.159683227539062,0.8826456211305638,-2.90340378675085,-0.5154287300061537
529778.6345706667,-0.720062255859375,-0.9667816162109375,0.7816009521484375,1.073087738049912,-2.296523969124138,2.855802445426774
529778.6939486667,-0.2793426513671875,-0.8944854736328125,0.175689697265625,-0.1209091113862515,-0.1757811488023531,1.604996641513694
529778.7533266667,0.166656494140625,-0.9185943603515625,0.5356903076171875,0.164417706747094,0.2002630560712335,0.8452580352191593
529778.8126746668,0.249267578125,-0.95440673828125,0.260467529296875,-0.2410730702994988,0.9506694132739126,0.8634373054522583
529778.8720646667,-0.212371826171875,-0.9305419921875,0.2918243408203125,-0.3137533996088512,0.2356564669583866,1.326431056755842
529778.9314376666,0.070831298828125,-0.9364166259765625,0.327606201171875,-0.3160911224137228,0.840205219682952,0.8411711482103237
529778.9908186666,-0.1977386474609375,-0.984161376953125,0.40032958984375,-0.3314996398487032,0.0888166886702516,1.416512480627772
529779.0502186667,0.0194854736328125,-1.063186645507812,0.2974090576171875,-0.4183581061694196,0.6480128732952036,1.304778491829062
529779.1095996667,-0.1338348388671875,-1.244873046875,0.411468505859375,-0.7616555496471739,0.6386438725803049,2.059378795116398
529779.1689836667,0.6114349365234375,-1.739517211914062,0.3469696044921875,-1.295749843101475,1.509221112915065,2.653890093692454
529779.2283666667,-0.5631561279296875,-1.599258422851562,0.5798187255859375,-0.8487782015480261,1.675564018814178,4.455766777744654
529779.2877466667,-1.214752197265625,0.0003662109375,-0.0253753662109375,-0.5329917447630084,0.6882425847219406,2.950030943748176
529779.3471246667,-0.2570953369140625,0.31640625,-0.266754150390625,-0.1572133233662116,0.6293353256221509,-1.348984835395505
529779.4065016666,-0.2946929931640625,0.2587738037109375,-0.2712249755859375,1.104968972091469,-0.9261366396282118,-3.350049457386874
529779.4658816668,-0.8277740478515625,-0.005279541015625,-0.2082672119140625,1.293767918618238,-1.413511364395362,-4.102439336969444
529779.5252346667,-0.903472900390625,-1.19464111328125,-0.250457763671875,1.511676813756228,-0.9032318563568763,-5.086463511316054
529779.5846146666,-2.83355712890625,-3.2496337890625,-0.0902862548828125,2.37424060237094,-1.230478694260832,-2.118181924617565
529779.6440086667,1.668624877929688,-1.945693969726562,0.285064697265625,-0.2766816646027302,0.1538268477240669,-0.9717954712531842
529779.7033596667,-0.350189208984375,-0.863433837890625,0.399932861328125,0.1699320481002121,-1.658799686068238,0.7517192956200882
529779.7627436667,0.13909912109375,-0.9549713134765625,0.1780853271484375,0.1835637044558917,0.5254888210239281,-0.3499974241481756
529779.8221176667,0.016387939453125,-1.009521484375,0.2929229736328125,0.1548324573516808,-0.3446844177734675,0.2447684726280927
529779.8814966667,0.01702880859375,-0.9541473388671875,0.247955322265625,0.1054206991185686,0.009785252793278146,0.06176349936889967
529779.9408826667,0.05035400390625,-0.9457550048828125,0.314056396484375,0.1055842172094995,0.02870195233221998,-0.08340754218019165
529780.0002546667,0.029754638671875,-0.9481658935546875,0.2548980712890625,0.02777410700843638,0.01780882452546887,-0.01936970324036431
529780.0596226667,0.0478363037109375,-0.94140625,0.298583984375,0.01840510629353762,0.06224127046845989,-0.04437998166951646
529780.1190016667,0.0427398681640625,-0.9285736083984375,0.24609375,-0.06448418473852463,0.1032507554623721,-0.0001033306502950744
529780.1783796666,0.0297393798828125,-0.9349365234375,0.2856292724609375,-0.03352706759522554,-0.09853935717791289,0.1407043877688104
529780.2377586667,-0.01116943359375,-0.9529876708984375,0.26043701171875,-0.04832092745061571,-0.07524442080688078,0.1265837750369923
529780.2971376667,0.00982666015625,-0.9462890625,0.2498931884765625,-0.04909058100564861,-0.01277784691020019,0.1013785532160464
529780.3565146667,0.0037689208984375,-0.9459991455078125,0.260101318359375,-0.06068332123076354,0.008093879184968822,0.05424326508273392
529780.4158741666,0.0195770263671875,-0.950653076171875,0.2633819580078125,-0.04256903212826257,0.0100896521058742,0.04570250746684981
529780.4752491667,0.015167236328125,-0.95623779296875,0.266448974609375,-0.03311800605178938,-0.01973109420028807,0.04070641726186115
529780.5346271667,0.017974853515625,-0.947052001953125,0.2655792236328125,-0.03319790088449175,-0.03781875169188824,0.03770823050664995
529780.5940041667,-0.0013885498046875,-0.9526519775390625,0.2483062744140625,-0.02462518533552668,-0.02619591774645542,0.0333204062946354
529780.6533831666,-0.01617431640625,-0.9568634033203125,0.240020751953125,-0.009758354866268344,-0.03472069639579906,0.03555320055255783
529780.7127521667,-0.01068115234375,-0.954254150390625,0.2524566650390625,-0.003265568128655162,-0.01478853353321001,0.008688829372492523
529780.7721391667,-0.002899169921875,-0.957244873046875,0.2494354248046875,-0.00107112339042987,-0.001031175974078681,0.003208576481327466
529780.8314951668,-0.00341796875,-0.9507904052734375,0.253875732421875,-0.01268676680091948,0.01794890679880704,-0.01725834912814949
529780.8908821667,0.001129150390625,-0.9528656005859375,0.2588958740234375,-0.006351639199838983,0.007399593088785164,-0.006480003564380802
529780.9502391667,-0.02545166015625,-0.9471282958984375,0.2419891357421875,-0.007353520401926793,0.02005759774993178,-0.01727912178465211
529781.0096261667,-0.00775146484375,-0.9602203369140625,0.2465667724609375,0.004421912673967567,0.03152170729439588,-0.038718101192008
529781.0690051666,-0.0128936767578125,-0.9556427001953125,0.2403106689453125,0.008700547281288872,0.03918761649218896,-0.01108727225021789
529781.1283691667,-0.004364013671875,-0.9557952880859375,0.2486114501953125,0.01599334761036186,0.004145476552817342,-0.006433664561413424
529781.1877461667,-0.00762939453125,-0.938690185546875,0.264678955078125,0.005298092672603637,-0.00415346603608758,0.01283909961527201
529781.2471151667,-0.009033203125,-0.9500274658203125,0.248779296875,0.008462993312053803,-0.009381517572022132,0.02355725773840491
529781.3064711667,-0.014129638671875,-0.9618988037109375,0.2519073486328125,0.02537832729180109,-0.03483547863878148,0.03450498034750264
529781.3658321667,-0.0039825439453125,-0.95660400390625,0.23626708984375,0.02126693920093677,-0.004164118680447896,0.01711027737154109
529781.4252071667,-0.0242462158203125,-0.9414825439453125,0.2685699462890625,0.04133492327911985,-0.04036286948124093,0.01538721214625982
529781.4845771667,-0.0057830810546875,-0.9523162841796875,0.269775390625,0.02982687157666945,-0.0003411509356391504,-0.02876160714063776
529781.5439581667,-0.0148468017578125,-0.95220947265625,0.26641845703125,0.008456069093219597,-0.01384524187510394,-0.0009092031961530519
529781.6033141667,-0.0127410888671875,-0.9504547119140625,0.2556610107421875,-0.001050350733927251,0.002043976136635815,-0.009616142064058114
529781.6627031667,-0.0020599365234375,-0.949188232421875,0.265655517578125,0.01176105200600793,0.009423329201136376,-0.01182336997551579
529781.7220721667,-0.0042877197265625,-0.9659881591796875,0.24871826171875,0.01384843766841204,0.002129729923736367,0.005312473742490064
529781.7814421667,-0.03338623046875,-0.935211181640625,0.277496337890625,0.0435682501692603,-0.02040860238160423,-0.01041349249442784
529781.8408121667,-0.006866455078125,-0.9546356201171875,0.2721099853515625,0.03956978010861534,0.03006495817812254,-0.07172851553575817
529781.9001811667,0.0134124755859375,-0.9586639404296875,0.2750244140625,-0.004199272406836943,0.01272351842396257,-0.004405933707427092
529781.9595551667,-0.0088653564453125,-0.950775146484375,0.267730712890625,-0.02025120956118054,-0.0007126619077052041,0.03304130701239509
529782.0189311667,-0.0115509033203125,-0.951019287109375,0.2674407958984375,-0.02262568398909519,-0.05258358309139654,0.05386456357572465
529782.0783081667,-0.004730224609375,-0.952667236328125,0.2678680419921875,-0.0289581484290856,-0.04437332376679126,0.0185963212598053
529782.1376871667,-0.0185546875,-0.948974609375,0.250701904296875,-0.0373098216075741,-0.008284295202909487,0.01179886889348706
529782.1970351667,-0.0223541259765625,-0.9488067626953125,0.2526397705078125,-0.02137985723115612,-0.0190767555204556,-0.001931324422525464
529782.2564221667,-0.0059661865234375,-0.94805908203125,0.259033203125,0.002169411023978547,0.002733202226748322,-0.05119234773793915
529782.3157791666,-0.0071563720703125,-0.9506378173828125,0.258636474609375,0.01175945410935388,0.007158843326242,-0.02778689018166875
529782.3751601666,-0.020111083984375,-0.948883056640625,0.2657623291015625,0.0138271323796914,-0.004374774722673165,-0.0095383777602278
529782.4345491667,-0.0231170654296875,-0.9541473388671875,0.2627105712890625,0.007450459465605677,2.423476591972107e-05,0.005332713766774667
529782.4939251667,-0.00885009765625,-0.948089599609375,0.259124755859375,-0.008425176424574679,0.01788951830649827,-0.02258520394052599
529782.5532981667,-0.012725830078125,-0.9525146484375,0.2628173828125,0.001141963475425977,0.01469239341785815,-0.02041366238767538
529782.6126841666,-0.009918212890625,-0.9502105712890625,0.2583465576171875,0.001134506624373756,0.01367666377810193,-0.01507295913763047
529782.6720571667,-0.0177001953125,-0.947906494140625,0.265167236328125,0.004209392418979244,-0.01060816957011263,0.003316700821584683
529782.7314261667,-0.0075836181640625,-0.953155517578125,0.2610626220703125,0.02106400632587273,-0.0476079992268015,0.03038027645118792
529782.7907981667,-0.0163726806640625,-0.9464263916015625,0.2759552001953125,0.01685088548136737,-0.04037325580949224,0.005782787990998058
529782.8501711667,-0.007476806640625,-0.9409942626953125,0.25738525390625,-0.02340865334957849,0.003238670201645362,-0.002178465771684817
529782.9095481667,-0.0034942626953125,-0.9446258544921875,0.27154541015625,0.001617604046114129,-0.1091099761766554,0.03744511019095012
529782.9689211667,-0.033477783203125,-0.940826416015625,0.2552642822265625,-0.03575986185314798,-0.1265265170735556,0.09837610540309102
529783.0282891667,-0.032196044921875,-0.937835693359375,0.249542236328125,-0.05021709814675213,-0.02774055117870138,0.09088410062448012
529783.0876571666,0.0198822021484375,-0.966461181640625,0.2346649169921875,-0.1770597324417001,-0.05586619545102821,0.1113872452247821
529783.1470241667,-0.07318115234375,-0.9506378173828125,0.223052978515625,-0.1067155280405652,-0.04587321609272389,0.06334435179197072
529783.2063881668,-0.0701446533203125,-0.9428558349609375,0.210052490234375,-0.04701757641313094,-0.04389049266115989,-0.05389865203767767
529783.2657621667,0.003509521484375,-0.9728851318359375,0.233489990234375,-0.001667138842389603,0.08705234444807411,-0.129935096952748
529783.3251371667,-0.0193939208984375,-0.9576873779296875,0.22857666015625,-0.01051202945476077,0.0240275719869129,-0.0503673004322326
529783.3845031667,-0.0159149169921875,-0.9534149169921875,0.2338104248046875,-0.007546865897066545,-0.0201153883455865,0.005547897182853069
529783.4438611667,-0.0249176025390625,-0.9575042724609375,0.2451934814453125,0.0180013710722816,-0.02239132581316822,-0.002942260372319542
529783.5032481666,-0.018280029296875,-0.9487457275390625,0.227508544921875,0.02342409968390095,-7.030745277809189e-05,1.171790879634865e-05
529783.5625861667,-0.0138397216796875,-0.9539947509765625,0.267974853515625,0.0351521284923919,0.004199805039054959,0.006365487637507395
529783.6219611667,-0.0323638916015625,-0.9575958251953125,0.2402191162109375,0.008502408096186976,0.001390969037348386,0.0404928317424368
529783.6813491667,-0.0337982177734375,-0.95098876953125,0.22174072265625,-0.001008805420922015,0.01621785209025554,0.03179761078332809
529783.7408141667,-0.033538818359375,-0.938018798828125,0.24188232421875,0.01807274378949573,-0.003008306767353508,0.02668913518033809
529783.8001831667,-0.0456390380859375,-0.959930419921875,0.2505950927734375,0.04776113098948106,-0.03531271710612367,-0.01237890537890632
529783.8595531667,-0.006103515625,-0.9757843017578125,0.24847412109375,0.0172785891524341,0.04498611713361849,-0.0740353456719848
529783.9188851668,-0.0159912109375,-0.9610748291015625,0.2719573974609375,-0.003193130147005006,-0.002301503814046478,-0.02129410344405557
529783.9782691667,-0.0047607421875,-0.9531707763671875,0.2343902587890625,-0.07870599759176578,0.0216882512853873,0.0231737625414335
529784.0376151667,-0.07489013671875,-0.93402099609375,0.2255706787109375,-0.0703585854710214,-0.007448861568951629,0.09598032568645574
529784.0969891667,-0.0177459716796875,-0.9562530517578125,0.251251220703125,-0.008550877628026417,-0.01085877302868909,-0.02972939988077255
529784.1563561667,-0.031219482421875,-0.9749298095703125,0.218505859375,-0.06640219335559969,0.153429237773318,0.027055586146333
529784.2156971667,-0.030029296875,-0.971343994140625,0.299407958984375,-0.1080838602086479,0.1253555251422478,0.08277264457631676
529784.2750801666,0.5236663818359375,-1.149948120117188,0.5667572021484375,-0.6763624894152062,0.09480001269133263,1.253202648894151
529784.3344481667,0.7733917236328125,-2.41943359375,0.390289306640625,-1.418142867847119,0.8057819983809148,2.600837261616986
529784.3938161667,0.5623016357421875,-0.071990966796875,0.3274383544921875,-0.2588853569343847,-0.8501350821234215,3.050271261914322
529784.4531701667,0.4184722900390625,-0.26373291015625,0.2158966064453125,0.5540461637089568,-0.4975581201433951,-2.884973114110848
529784.5125531667,-0.1409759521484375,-0.89105224609375,0.194488525390625,1.075975669935994,-0.3793129687955499,-4.249320127938366
529784.5719231667,-0.2910614013671875,-1.231735229492188,-0.073486328125,1.694062868378086,-0.7545840580046864,-4.427160166579459
529784.6312881667,-0.5880889892578125,-1.415313720703125,0.1116790771484375,1.106043823907425,-2.424694721854709,-2.07042452205361
529784.6906431667,0.2567291259765625,-1.4033203125,0.9862518310546875,-0.2785948795298431,0.9999674545284785,1.74970482566533
529784.7499991667,0.32281494140625,-1.224899291992188,-0.0540924072265625,-0.5244483239860341,2.283286460609791,0.4360995527193094
529784.8093861667,-0.3535003662109375,-0.6827850341796875,0.806060791015625,0.254860255262839,-2.632100109653426,2.957185259700565
529784.8687631667,0.3677215576171875,-0.9932861328125,0.295654296875,-0.01955452662001582,1.783491551466838,-0.1699773218387434
529784.9281271667,-0.0596923828125,-0.9162750244140625,0.4569091796875,-0.1050835429245646,0.2020971751139711,1.083873540464733
529784.9875071667,0.2061309814453125,-0.948516845703125,0.2234649658203125,-0.3053894758893484,0.8564158812382643,0.8761720091527991
529785.0468791667,-0.1028900146484375,-0.9607086181640625,0.296539306640625,-0.2698900711908102,0.03614788442397252,1.246578301998688
529785.1062511667,0.113372802734375,-1.06884765625,0.4217376708984375,-0.2881870531440905,0.4574336035797162,1.182231536372411
529785.1656211667,0.20660400390625,-1.624313354492188,0.2905120849609375,-0.7301631371247689,0.8329595573051735,2.543300198898042
529785.2249921667,1.036285400390625,-2.425079345703125,0.680633544921875,-1.185104554556389,1.884933487916828,3.983237844474151
529785.2843681667,-0.5122222900390625,-0.582000732421875,0.264678955078125,-1.016250021433223,3.389318832924528,3.549952720394837
529785.3437481667,0.710723876953125,0.2329254150390625,0.1120147705078125,0.6350637851269113,1.886895705007999,1.066697749330376
529785.4031211667,0.1490020751953125,0.02593994140625,-0.080322265625,1.528987893473961,-1.147082869989437,-3.685304154372588
529785.4624871667,-0.031494140625,-0.4793243408203125,0.1872406005859375,2.989351451978759,-1.336474902490967,-6.373930390795165
529785.5218541668,-0.6401824951171875,-2.112518310546875,-0.188201904296875,2.969916234975579,-0.5488340911395627,-7.189515485148661
529785.5812351668,-1.312896728515625,-1.90142822265625,-0.77020263671875,1.736790624907318,-1.102715138860935,-3.643060560529534
529785.6406091667,3.331130981445312,-2.531097412109375,0.4268035888671875,0.01532382891231594,-2.984622210514997,1.927039396331526
529785.6999861667,-0.427825927734375,-1.189544677734375,0.6626739501953125,-0.5884094638864672,0.3024690534379675,3.769674695602953
529785.7593651667,-0.2342071533203125,-0.8433990478515625,-0.1172637939453125,-0.4809695560294005,0.1637319427663986,0.8197779751737172
529785.8187381667,0.4837493896484375,-0.8543243408203125,0.6147918701171875,-0.2675070746474073,-0.1353540971388413,1.317755010556582
529785.8781171667,-0.21453857421875,-0.9548492431640625,0.2985687255859375,-0.4106610379868726,0.2511464771227235,1.485034017578857
529785.9374881667,0.040802001953125,-0.98876953125,0.2937469482421875,-0.4561568841531322,0.5233468405591774,1.250709397481619
529785.9968611667,-0.1135101318359375,-0.9054107666015625,0.34857177734375,-0.4108714277129888,0.4069861419986722,1.202982887586309
529786.0562391666,-0.0204315185546875,-1.1881103515625,0.292694091796875,-0.401501361733654,0.6189993311154444,1.394642069123823
529786.1156121667,0.0052032470703125,-1.487213134765625,0.384857177734375,-0.9767643972150541,0.9215485457022232,2.504901144404625
529786.1749901667,1.678421020507812,-2.380630493164062,0.4323883056640625,-2.123809184000903,3.268431825775324,2.952799033385204
529786.2343451667,-0.5319366455078125,-0.79632568359375,0.4176025390625,-0.6927830080644167,0.03423147370355151,3.555141623462748
529786.2937231667,0.2623138427734375,-0.0289306640625,0.2710418701171875,0.03460085414674549,0.4534172903397677,0.8338772826168147
529786.3530721667,-0.0386199951171875,0.0782012939453125,0.0063323974609375,1.3254275776571,0.5146699954115902,-3.26031797288218
529786.4124611667,0.0656890869140625,-0.4421844482421875,0.094635009765625,2.671928216387779,-1.522029319861693,-5.711173458756955
529786.4718311667,-0.2913055419921875,-1.629592895507812,0.323333740234375,3.104567257586639,-1.557099955624728,-6.657103776871072
529786.5311921667,-1.04962158203125,-1.986602783203125,-0.111968994140625,1.755740081327667,0.2389087192815914,-5.852541506269413
529786.5905721667,-0.7701873779296875,-1.778213500976562,0.546173095703125,-0.6039234425006148,-1.331089191818499,3.091656785254153
529786.6499421668,-0.359893798828125,-1.046981811523438,-0.0753021240234375,-1.892955728068474,3.309223464192068,-2.266190297992027
529786.7093231668,-1.650558471679688,-0.7648162841796875,0.486419677734375,-0.08974852873567032,-2.481553743760119,3.530949468120468
529786.7686991667,0.9953460693359375,-1.137222290039062,0.2435455322265625,0.2045345001436116,1.633456246186717,-0.362211213539497
529786.8280701668,-0.0455780029296875,-0.8480072021484375,0.41046142578125,-0.276235318804033,0.03197337941527332,1.1315041765608
529786.8874241667,-0.02239990234375,-0.9633941650390625,0.2773895263671875,-0.3100739762467978,0.5627091604188755,1.185323466397993
529786.9468921667,-0.2438812255859375,-0.972900390625,0.263885498046875,-0.4289814557577457,0.1771071367091036,1.27372816404761
529787.0062571667,0.133087158203125,-1.206680297851562,0.2712249755859375,-0.3668307327663485,0.704693729723687,1.000395690831763
529787.0656281667,0.110565185546875,-1.244293212890625,0.3542633056640625,-0.8266867476736007,0.8657997956552675,2.134653043327487
529787.1249991667,0.6167755126953125,-2.103347778320312,0.44952392578125,-1.612328323994682,1.974259905619721,3.238054478801335
529787.1843821667,-0.1257476806640625,-1.327468872070312,0.502838134765625,-1.955534154730938,3.279705785617956,2.963412262961388
529787.2437561667,-0.6611175537109375,-0.0989227294921875,0.197479248046875,-0.8227889451021608,0.6316895600257809,2.822611468761116
529787.3031301667,-0.107421875,0.0065155029296875,-0.072296142578125,0.7877992694362638,-0.5550578986070779,-2.454671795716859
529787.3625061667,0.1258392333984375,-0.3173980712890625,0.011749267578125,2.479138256651417,-0.4438735862573598,-4.467527829750662
529787.4218831667,0.084808349609375,-0.966094970703125,0.152008056640625,3.02121830495043,-0.7810638687233443,-5.541179625319453
529787.4812571667,-0.6100006103515625,-2.547073364257812,0.304656982421875,3.144249955725474,-1.960557675495154,-6.612129910278467
529787.5405981666,-1.674331665039062,-1.96405029296875,-0.26312255859375,1.963580097016285,-1.958493459334234,-2.893778589939086
529787.5999861667,0.46435546875,-1.614212036132812,1.2635498046875,-0.344397861640175,-0.5649363620385088,2.101631443707159
529787.6593571667,-0.6013031005859375,-0.6663970947265625,0.058746337890625,-2.235145829164973,8.447877209706514,1.941624464357454
529787.7187381667,-0.9883270263671875,-0.6899871826171875,0.5144805908203125,-0.2622121777681117,0.4216183479758946,2.07692902670002
529787.7781341667,0.5555267333984375,-1.102218627929688,0.3269500732421875,0.04661064539856682,0.7183906335260736,0.5218485461298988
529787.8375161667,-0.0154266357421875,-0.83673095703125,0.4385528564453125,-0.1272405105618059,0.001761681061087416,1.008262668691857
529787.8968971667,-0.04766845703125,-0.9300689697265625,0.2933807373046875,-0.2409329880261606,0.7421875757625856,0.8358922302975687
529787.9562751667,0.028045654296875,-1.03289794921875,0.349853515625,-0.369972730220424,0.4771274135247432,0.976257331343503
529788.0156631666,0.0487823486328125,-1.066543579101562,0.2546539306640625,-0.474905005595072,0.3845801687995086,1.291669880311474
529788.0750071667,0.1109161376953125,-1.196304321289062,0.2925262451171875,-0.8389830950587146,0.4958036296172509,2.100356854809447
529788.1343851667,0.550628662109375,-2.104232788085938,0.40869140625,-1.773643448071834,1.578729883682243,2.905518336656373
529788.1937571667,0.0362396240234375,-1.652679443359375,0.998931884765625,-1.524947345468092,-1.384805417321507,4.651231083847674
529788.2531501667,-0.49005126953125,-0.1349029541015625,0.438568115234375,-0.280003159114277,0.6936434754126213,3.776162156018386
529788.3125311667,0.0582275390625,0.0132293701171875,-0.1181793212890625,0.6894764272549743,0.9798472724929298,-2.770103519444678
529788.3719121667,0.15570068359375,-0.38079833984375,-0.0205841064453125,2.197050375035826,-0.7029392391975429,-4.787769222407165
529788.4312861667,0.0291900634765625,-0.9671783447265625,0.177032470703125,2.629466775967556,-1.481728235717741,-5.612509199323918
529788.4906661666,-0.459136962890625,-2.0240478515625,0.290496826171875,2.606912464695675,-1.868822162270176,-6.512132472403736
529788.5500231667,-1.255233764648438,-1.999526977539062,-0.3088836669921875,2.089277572042499,-1.705733372907031,-2.862399628079118
529788.6094101667,0.465118408203125,-0.932159423828125,1.314224243164062,-0.4240562056377531,-1.280217754991915,1.680993671644631
529788.6687711667,-0.431640625,-0.668121337890625,-0.2017974853515625,-0.1320501794904889,-1.343687275355119,4.607726216912358
529788.7281561667,-1.12042236328125,-0.8506317138671875,0.3868408203125,-0.1995959342181687,-0.588267517400366,1.913292158784537
529788.7875221667,0.7807464599609375,-1.028915405273438,0.2286834716796875,-0.1399107657639668,2.458835914397307,-0.3757416697737536
529788.8469071666,-0.026824951171875,-0.8600921630859375,0.2655181884765625,-0.1815040156688244,-0.1806968115424213,1.386513036212466
529788.9062781667,0.0650634765625,-0.91845703125,0.281982421875,-0.1988949902192598,-0.02227068461578763,1.394350186668351
529788.9656481667,-0.1620635986328125,-0.96258544921875,0.3192291259765625,-0.2703374822539435,-0.03855058835944201,1.45205502853597
529789.0250171667,0.006134033203125,-1.012603759765625,0.3104705810546875,-0.3855884415882126,0.5867268787097552,1.232988723588232
529789.0843901667,-0.0698394775390625,-1.241409301757812,0.2051239013671875,-0.6960805341261528,0.7730578738543481,2.02275180801232
529789.1437601667,-0.0547332763671875,-1.492568969726562,0.4285125732421875,-1.275127388884338,1.15327232267889,2.900851945794336
529789.2031321666,1.32513427734375,-2.261398315429688,0.507476806640625,-1.74573724827333,2.086523597159248,2.786943752281685
529789.2624871667,-0.17510986328125,-0.7009735107421875,0.6343841552734375,-1.534099032238041,0.7221491527725025,3.688923922926224
529789.3218551667,-0.4365386962890625,0.220367431640625,-0.010833740234375,0.5704650844615133,0.3559357407468343,-0.5312809300787414
529789.3812201667,-0.15777587890625,-0.1115570068359375,-0.0081939697265625,1.121230233707492,-1.321547085632746,-3.243353104106157
529789.4405921667,-0.12164306640625,-0.6590118408203125,-0.0861968994140625,2.228956110159411,-0.7448115883846407,-5.069755903901332
529789.4999611666,-0.4988861083984375,-1.294113159179688,0.0994110107421875,2.966355588598143,-1.686039829278114,-6.140916045954246
529789.5593321667,-0.4643402099609375,-1.43768310546875,-0.1972808837890625,2.235305618830378,-0.6321103394780134,-6.030306443767766
529789.6187031667,-0.7487335205078125,-1.235931396484375,-0.0161895751953125,1.393602903666475,-1.292525287653607,-2.625323962575828
529789.6780771667,-0.1996002197265625,-1.22357177734375,-0.2679290771484375,-0.3065777783677417,-0.9845197886254738,1.516835356787711
529789.7374461667,0.6493072509765625,-2.136871337890625,0.2823028564453125,0.08795409079317494,-0.08864171898663339,3.987485586412828
529789.7968241667,-0.5811614990234375,-0.9359130859375,1.105056762695312,0.8551538091976758,-1.530065142134898,2.708677708902
529789.8562011668,0.24188232421875,-0.971649169921875,-0.3689422607421875,-0.6918391837740926,1.005456229535132,0.04827458844764834
529789.9155771667,-0.1195068359375,-0.8680267333984375,0.4371795654296875,-0.1150395043437168,-0.834390473758873,1.012163667056605
529789.9749641666,0.026519775390625,-0.90338134765625,0.28057861328125,-0.07272560304788384,-0.03079466431680425,0.3413938159305656
529790.0343211667,0.102813720703125,-0.95733642578125,0.352386474609375,0.02367017576862427,0.08961377278451232,0.293210840224416
529790.0937091667,0.1609344482421875,-0.9378509521484375,0.3305511474609375,-0.1027575380284894,0.1470712069868629,0.2594749807997282
529790.1530961667,-0.0543060302734375,-0.9187774658203125,0.285614013671875,-0.1351218694917863,0.07088429347020306,0.405262810457282
529790.2124451667,0.120941162109375,-0.9926300048828125,0.3689422607421875,-0.05998930145068889,0.1426652732794358,-0.1081919845489051
529790.2718411667,0.1375274658203125,-0.906982421875,0.256683349609375,-0.4371184781523738,0.1521285498969233,0.3583917079041054
529790.3312261667,-0.0859222412109375,-0.924102783203125,0.20123291015625,-0.2982836294687989,0.0128422954085801,0.3941020349609779
529790.3906071667,0.0669708251953125,-0.9587249755859375,0.2897796630859375,-0.1453159175123916,0.1214414772881583,-0.01313257996739874
529790.44998225,0.0438995361328125,-0.94976806640625,0.2013092041015625,-0.1457484148734205,0.04533579018474589,0.1529213729534399
529790.50935025,-0.028594970703125,-0.9400482177734375,0.270782470703125,-0.09322075816491564,0.1214808920722915,0.1307878411337914
529790.5687062501,-0.0149383544921875,-0.956329345703125,0.2420806884765625,-0.09991381461650278,0.05691201881110233,0.1560127703468039
529790.6280922501,-0.044586181640625,-0.9566192626953125,0.2115478515625,-0.06287776596898884,0.01038366509021895,0.1938498978502137
529790.68746425,-0.0457000732421875,-0.9434814453125,0.279083251953125,-0.02669073307699214,-0.00552978768744053,0.087452351243804
529790.74684725,-0.0183563232421875,-0.9529876708984375,0.21856689453125,-0.03272545610711169,0.06853591802097118,0.05039180151426133
529790.80622125,-0.0426788330078125,-0.962310791015625,0.2496337890625,-0.01186651318517507,-0.02362490203009292,0.08872480961264387
529790.86561825,-0.0175628662109375,-0.959686279296875,0.2309112548828125,-0.01653769773717405,0.1082508404089958,-0.0193222989729609
529790.9249962501,-0.019500732421875,-0.9697265625,0.240478515625,-0.002129996239845375,0.001161937183601572,0.01064518750926473
529790.98437025,-0.0287933349609375,-0.949066162109375,0.2335052490234375,-0.02751205195717258,0.03720888780226009,-0.006818757655038882
529791.04375025,-0.0467071533203125,-0.951873779296875,0.2317657470703125,-0.008647284059487286,-0.02865747754201566,0.0003121224797572867
529791.10313425,-0.0397491455078125,-0.9595947265625,0.231170654296875,0.001015197007538206,-0.01403725578969866,-0.02542626419142252
529791.16251325,-0.0383453369140625,-0.9608306884765625,0.2364959716796875,0.01277305322023804,-0.003411775672500512,-0.02127439605198899
529791.22189325,-0.02813720703125,-0.955841064453125,0.2357635498046875,0.004336158886867015,0.01239035697159366,-0.03957297590192344
529791.28127525,-0.029541015625,-0.9586639404296875,0.23638916015625,0.002206162647021641,0.01469851868836533,-0.01934733268720765
529791.34065625,-0.0393524169921875,-0.9554443359375,0.234893798828125,0.009592706246465415,-0.0002058623522631251,-0.02024535060678237
529791.40003425,-0.0331268310546875,-0.9486083984375,0.247283935546875,0.008704275706814982,0.03453747091280161,-0.05686967454977007
529791.45941525,-0.034088134765625,-0.9597930908203125,0.2322998046875,0.008568987123438957,0.01054185685896966,-0.006507700439717627
529791.51879425,-0.0171661376953125,-0.95526123046875,0.2349700927734375,0.005421663347183314,0.01890098688851037,-0.02365579469873784
529791.57815025,-0.03790283203125,-0.9544830322265625,0.242645263671875,0.0137530965013872,-0.01798006578356097,0.01406149055561838
529791.6375372501,-0.0294036865234375,-0.949615478515625,0.2369384765625,0.00531566953579816,-0.002168612075651524,-0.003171292226066357
529791.69689425,-0.03814697265625,-0.9500274658203125,0.2435455322265625,0.005285842131589272,-0.007377755167846513,0.008611065068662209
529791.7562702501,-0.0267333984375,-0.962890625,0.2487945556640625,0.01068247176452584,0.008522648120471578,0.006306365461307636
529791.81565425,-0.0189208984375,-0.9596405029296875,0.222442626953125,0.006578007892495718,0.04365773238188697,0.01337812341990405
529791.87502925,-0.0644073486328125,-0.9535675048828125,0.244049072265625,0.005358280113239427,0.009694172683997434,0.01694995507391832
529791.93440925,-0.03936767578125,-0.9505462646484375,0.236053466796875,-0.0009331716459637651,0.0263565063601872,-0.02374101585362038
529791.99378625,-0.02984619140625,-0.9578704833984375,0.2409210205078125,0.004262123008562812,-0.001214934089294148,-0.01597310758607726
529792.05316625,-0.0334014892578125,-0.9581756591796875,0.24786376953125,-5.858954398174324e-06,-0.00562859096388247,-0.03617851077650844
529792.11254725,-0.0352325439453125,-0.9518585205078125,0.2351837158203125,-0.00112491924444947,-0.01613689199311713,-0.02327229950176643
529792.17191825,-0.0420074462890625,-0.95770263671875,0.2483367919921875,0.006209959029846768,-0.03816070157585441,0.01214880826072347
529792.2312892501,-0.0365142822265625,-0.961700439453125,0.24627685546875,0.002016012945189983,-0.02323794472370441,0.01624581528170137
529792.29066325,-0.03375244140625,-0.9559326171875,0.24859619140625,0.01265800466114662,-0.0266153656181429,-0.001832254829974516
529792.35003225,-0.0148162841796875,-0.9557647705078125,0.2386016845703125,0.00658173631802183,0.03900758680249961,-0.03240427887964814
529792.40940625,-0.047698974609375,-0.9460296630859375,0.2497100830078125,0.01167156979338127,-0.007350324608618697,0.01394324620321886
529792.46877525,-0.0469512939453125,-0.952117919921875,0.247039794921875,0.008502408096186976,-0.005486378161672238,-0.01698990249026951
529792.5281492501,-0.031463623046875,-0.9548797607421875,0.2415618896484375,0.01070004862772036,0.005922603948227217,-0.04802584920183493
529792.58751925,-0.0388946533203125,-0.9573211669921875,0.2478179931640625,0.006394782409498267,-0.001277252058802003,-0.02236682473113949
529792.64690525,-0.0324859619140625,-0.9589691162109375,0.2440032958984375,-0.01148248535598564,0.04186675654880868,-0.07614616715198161
529792.70628425,-0.0297088623046875,-0.9494781494140625,0.2457275390625,-0.0009384979681439236,0.02186481886565955,-0.05140486799292747
529792.76564725,-0.0306396484375,-0.948577880859375,0.2408905029296875,-0.00638146660404787,-0.002394448136090243,-0.03301946909145644
529792.8250072501,-0.017364501953125,-0.9481353759765625,0.2480621337890625,-0.000993359086599556,0.01136264310693208,-0.03743232701771774
529792.88439425,-0.0283355712890625,-0.9623260498046875,0.2470550537109375,-0.002112952008868867,0.002009887674682801,-0.01387986296927497
529792.9437522501,-0.0194091796875,-0.9653472900390625,0.230865478515625,-0.00215502995409212,-0.007569769082441227,-0.01590599592660726
529793.0031382501,-0.0197601318359375,-0.9498748779296875,0.252410888671875,0.009445699754293041,-0.03316620926751981,-0.0230794866388447
529793.06252025,-0.0057830810546875,-0.9602813720703125,0.2411346435546875,-0.01072987603192925,-0.01800909423944283,0.002325472263857191
529793.12188925,-0.0187530517578125,-0.9492340087890625,0.241485595703125,-0.003353452444627777,-0.03617504866709133,-0.007063768475326171
529793.18127425,-0.013458251953125,-0.9465789794921875,0.2420806884765625,-0.006608367928922622,-0.05000377894343679,-0.01011042476237682
529793.2406272501,-0.011444091796875,-0.9561920166015625,0.2459869384765625,0.008151403464514533,-0.07728706536297156,0.03389937751561863
529793.30000325,-0.0406494140625,-0.951995849609375,0.2592620849609375,0.02607394496852979,-0.11205356812952,0.07372961477884371
529793.35939825,-0.02862548828125,-0.944610595703125,0.2400970458984375,0.0009731190623149536,-0.01903201441414227,0.0108694256730494
529793.41876925,-0.030853271484375,-0.9444732666015625,0.2592620849609375,0.009476059790719945,-0.02108904004011947,0.02155509323088334
529793.4781412501,-0.0467376708984375,-0.94708251953125,0.258880615234375,-0.003336940845869285,-0.02614798084683399,0.04612062375799224
529793.5375182501,-0.0450897216796875,-0.9495849609375,0.2601470947265625,-0.02556634646476069,-0.000845819962209166,0.01598589075930964
529793.5969012501,-0.0213775634765625,-0.950408935546875,0.2406005859375,-0.01493394212872834,-0.007494135307482976,-0.0116491992402246
529793.65628625,-0.03778076171875,-0.9511566162109375,0.237274169921875,0.0009757822234050329,-0.01907861973321865,0.005540440331800847
529793.7156622501,-0.0330352783203125,-0.950836181640625,0.251922607421875,0.03836070497371936,0.001646099869777977,-0.04157034671948286
529793.77501925,-0.01531982421875,-0.9539031982421875,0.2546844482421875,0.03848853670604317,0.02462598428385371,-0.0865916175794904
529793.83440625,-0.0185699462890625,-0.9456939697265625,0.2464447021484375,0.02775972593854995,0.008890696983120529,-0.06723682804123053
529793.89388825,-0.020263671875,-0.94970703125,0.2557220458984375,0.0201558683941557,-0.01939713379959213,-0.02429229019926678
529793.95324525,-0.0074310302734375,-0.9553070068359375,0.254150390625,0.008368717409464998,-0.03065617994012013,0.02059422470958275
529794.01265025,-0.0141143798828125,-0.955596923828125,0.25494384765625,0.009345032265088047,-0.04745167167081385,0.04422977938403599
529794.07203125,-0.027069091796875,-0.945770263671875,0.2436676025390625,-0.005464273924624581,-0.02847132258181912,0.02269545880965527
529794.1314082501,-0.039031982421875,-0.9554901123046875,0.2587432861328125,0.002998719387429222,-0.04129151375335156,0.01751134943170702
529794.19076425,-0.03009033203125,-0.9522247314453125,0.2538909912109375,-0.006403304524986521,-0.003158509052833977,0.001097755001330662
529794.2501392501,-0.0369110107421875,-0.9546661376953125,0.251983642578125,-0.003137203764113343,0.01047447888339065,-0.01823732714486262
529794.30951625,-0.0129547119140625,-0.956787109375,0.2451171875,-0.01048113678611585,0.02921807295147734,-0.06428125186346059
529794.36889625,-0.010223388671875,-0.9524993896484375,0.25396728515625,-0.01379783760770053,0.006154565279173119,-0.02991954958260421
529794.42825925,-0.0040740966796875,-0.95574951171875,0.2341766357421875,-0.02441000191944828,0.01703357833214681,-0.004462925354754788
529794.4876332501,-0.0211639404296875,-0.947113037109375,0.221954345703125,0.01369770275071355,-0.02732669594530306,0.03868028430452887
529794.54700325,-0.03277587890625,-0.949249267578125,0.2648773193359375,0.05615541474541082,-0.05380783824450597,0.06244207281465187
529794.60637625,-0.017974853515625,-0.9673309326171875,0.24310302734375,0.04204119360020887,-0.1108900330492644,0.09077863944531298
529794.66576925,-0.0868072509765625,-0.9490203857421875,0.33087158203125,0.02935922048925154,-0.08500144409260409,0.1309913066410734
529794.72514525,-0.0492095947265625,-0.952239990234375,0.206329345703125,-0.1389504298748843,0.1298466800045574,0.0997630796988043
529794.78451425,0.01739501953125,-0.982330322265625,0.30499267578125,-0.1046824708643987,0.1733001479308353,0.09929968966913051
529794.84388225,0.152008056640625,-1.033035278320312,0.364410400390625,-0.3534163903556193,0.3112391092237075,0.4792539476551714
529794.9032552501,0.07794189453125,-1.387588500976562,0.3407135009765625,-0.8595181975920976,0.6269999996622604,1.787657001727831
529794.96265625,0.2916717529296875,-1.966781616210938,0.116546630859375,-1.04600232449937,0.6428988050539245,2.205227344846805
529795.02203725,-0.1437835693359375,-1.0125732421875,0.3859405517578125,-1.582218624710247,1.417069081295599,1.980058139945041
529795.0814162501,0.2343902587890625,-0.1617584228515625,0.3561553955078125,0.1446416051243836,-0.8893498628587292,0.7698660752878882
529795.14080725,0.244781494140625,-0.2111663818359375,0.0820465087890625,0.971821570231867,0.7031427047048249,-3.455490396529727
529795.2001932501,-0.0264129638671875,-0.6823272705078125,0.06201171875,1.510854429611611,0.2226937966685349,-4.024458251826397
529795.25957625,-0.4219207763671875,-1.344100952148438,-0.2487335205078125,2.344237429530107,-1.083208016508322,-4.483987230551788
529795.31896125,-0.6223907470703125,-1.464981079101562,0.152801513671875,0.8774716317647578,-1.297881703554083,-3.172312749396075
529795.37834225,-0.89532470703125,-1.646102905273438,0.2168121337890625,1.176105200600793,-1.397649843258959,-0.9923726517317905
529795.437747,1.41204833984375,-1.083755493164062,0.40386962890625,0.06305033880762596,1.315332865545155,-3.256950139367666
529795.497127,-0.460784912109375,-0.939117431640625,0.750885009765625,0.5038631540241577,-1.917094087556734,3.283040063302736
529795.556508,0.36370849609375,-0.910186767578125,0.2631072998046875,-0.3707242742800443,1.813284867213772,-0.2855872752879552
529795.6158810001,0.0020751953125,-0.8952789306640625,0.455108642578125,-0.1175386147106472,0.7208964017957291,0.8734912711995254
529795.6752640001,0.091796875,-0.981597900390625,0.2887115478515625,-0.3757704319135264,0.607795146093372,0.9726812386317446
529795.7346430001,0.062347412109375,-0.94219970703125,0.30596923828125,-0.5022466152424796,0.4291223369794109,1.030020162165587
529795.794016,0.0118560791015625,-0.9842071533203125,0.24896240234375,-0.5057177794072888,0.1454203134271227,1.147199782761291
529795.8533910001,0.0173187255859375,-0.9688720703125,0.4122467041015625,-0.5591194855855577,0.3682547250012139,1.339776156978229
529795.912769,0.1321258544921875,-1.258438110351562,0.2824554443359375,-1.029698984938123,0.7149777925891371,2.191648951712927
529795.972128,0.600250244140625,-2.242843627929688,0.56915283203125,-1.466699751370315,0.9212113895082192,2.783941837100948
529796.031514,-0.000579833984375,-1.628753662109375,0.4915008544921875,-2.412314751211367,3.037407394900912,2.921104220619953
529796.0908860001,-0.6305999755859375,-0.1447906494140625,0.1384124755859375,-0.5192865851612426,1.095770680002444,2.659880075616261
529796.150258,0.0294342041015625,0.10003662109375,-0.115570068359375,-0.1576431575661504,0.6529045675854611,-0.3547602214416734
529796.209623,0.0643310546875,-0.0108184814453125,0.021087646484375,1.566933145317628,-0.7226668712884138,-3.372330528330913
529796.269002,0.1133575439453125,-0.6402435302734375,0.08953857421875,2.933816021135119,-1.767183684531738,-5.711544170780694
529796.328389,-0.4025726318359375,-2.305496215820312,0.255889892578125,3.434068461353347,-1.698347095623697,-6.780101871816381
529796.3877620001,-1.380325317382812,-2.035308837890625,-0.7572784423828125,2.048332002914749,-0.4692423261692366,-5.451275035343905
529796.4471590001,1.735107421875,-0.015625,2.787322998046875,-1.006778755332465,-1.200758082811657,2.913091301532122
529796.5065370001,-0.5775299072265625,-0.8135528564453125,-0.051116943359375,0.06028065127394356,-0.6475039432108894,3.247508168038899
529796.5659200001,-1.062042236328125,-0.7409515380859375,0.4898681640625,0.07700050922967903,-3.268276563483772,3.651626351859664
529796.625304,0.6419525146484375,-0.911956787109375,0.4258270263671875,-0.2827952172011161,1.471475598153154,-0.3425315183482475
529796.6846820001,0.0085296630859375,-0.8725433349609375,0.369537353515625,-0.450705926033958,0.1056036582854571,1.472764301804644
529796.7440630001,-0.0482330322265625,-1.008621215820312,0.23858642578125,-0.5214730404161976,0.4508838251947753,1.325025440332498
529796.803425,0.067535400390625,-1.014923095703125,0.2778167724609375,-0.468650305458912,0.5573980182569305,1.009434459571492
529796.862797,0.2130889892578125,-1.170791625976562,0.3576202392578125,-0.7637935353702895,0.5723183782640995,1.520764052027796
529796.922153,0.1698760986328125,-1.3870849609375,0.4929962158203125,-1.456994127093631,0.6980981449679968,2.665961137649348
529796.981551,1.641036987304688,-2.166915893554688,0.3386688232421875,-2.005644726434087,1.843131179866399,2.930206372593626
529797.0409240001,-0.4097747802734375,-0.8726654052734375,0.6464385986328125,-1.691821019372457,-0.5523449364046141,5.14400803088605
529797.100306,-0.09625244140625,-0.1016082763671875,0.2889556884765625,-0.4864290362640629,0.2655563091489242,-0.05218836998562879
529797.1596840001,-0.21966552734375,0.0670013427734375,-0.00091552734375,0.02449682097098486,-0.8455469881974329,-3.13186785455326
529797.219057,-0.1444549560546875,-0.4801177978515625,0.2113494873046875,1.901189156894563,-1.446283159505441,-5.332908710166461
529797.278436,-0.1899566650390625,-1.191665649414062,0.4379119873046875,3.101750698417772,-0.3088870053489495,-6.798783946863288
529797.337803,-0.75811767578125,-2.287643432617188,0.1679229736328125,3.433153931835014,0.5945975849953753,-5.667017715251223
529797.397171,-1.44854736328125,-1.921371459960938,-0.6895294189453125,2.312881903487732,-0.7093894153577148,-2.447993120335158
529797.456568,3.990005493164062,-1.22857666015625,0.3805389404296875,0.4391573942829384,-3.024949926269849,1.47041113266545
529797.515947,-0.358612060546875,-0.7973175048828125,1.15191650390625,0.5242784143084871,-3.782985707363387,3.142684017004508
529797.575326,0.17974853515625,-1.026870727539062,-0.04034423828125,-0.6170000960851219,0.7035528315126971,0.9054263010951016
529797.634706,0.1443023681640625,-0.8660736083984375,0.61846923828125,-0.04274852918573391,0.08200432260182891,0.9797034617940655
529797.694065,0.178558349609375,-0.9640350341796875,0.2918243408203125,-0.5136033993950134,0.7470318657854398,1.053155042555105
529797.7534660001,0.0785064697265625,-0.9423065185546875,0.2994384765625,-0.5432422517987233,0.3320218857384678,1.211209392193564
529797.812837,0.02093505859375,-1.015625,0.329315185546875,-0.5798804241793795,0.7025562766327894,1.1687319728068
529797.872238,0.0550079345703125,-1.371627807617188,0.2719573974609375,-0.7480963312731445,0.7166108429695737,1.260165749880272
529797.931617,0.091949462890625,-1.276840209960938,0.33880615234375,-1.097927574169299,0.6960509730380529,2.190759988541059
529797.991013,0.8134307861328125,-1.842147827148438,0.6803741455078125,-1.385088777661491,1.467647304086166,2.121356945269158
529798.0504000001,0.231719970703125,-1.98162841796875,0.7630157470703125,-2.096961857051814,1.485431094897388,3.424424089781734
529798.109785,-0.523834228515625,-0.7140045166015625,0.0986480712890625,-1.118343899718065,0.2371694087736606,4.624999479742612
529798.169172,0.15631103515625,-0.043975830078125,0.08404541015625,-0.1964992105026245,0.1045881949618099,-0.01403645684137163
529798.228551,0.0831298828125,0.0569610595703125,0.045257568359375,1.065288937113724,-0.7310483718711112,-3.166753666936644
529798.287931,0.131134033203125,-0.2437591552734375,0.1946563720703125,2.382328622601511,-1.574016887501129,-6.1669404561265
529798.347315,-0.3961639404296875,-1.906280517578125,0.30487060546875,3.414345622952438,-1.163283411532607,-7.198517502265346
529798.406692,-1.0390625,-2.415313720703125,-0.3072052001953125,2.534608706364459,-0.5708051701327164,-5.720666030146433
529798.466078,-0.581878662109375,-1.655731201171875,1.35577392578125,-1.239005337122939,-1.851672203798393,3.604471888966503
529798.525461,0.0616607666015625,-1.38629150390625,-0.3562164306640625,-1.117606204096113,2.847346110017445,-2.57410711375586
529798.58484,-1.132247924804688,-0.8061981201171875,0.751861572265625,0.3039258025542408,-1.288421356413795,4.152180794545508
529798.6442280001,0.8121490478515625,-1.008392333984375,0.110076904296875,-0.2051049492491066,1.972177579963388,-0.03997404796208937
529798.703605,-0.313018798828125,-0.895904541015625,0.415374755859375,-0.08987209941025,-0.1270900419602164,1.716393474118401
529798.762986,0.0993804931640625,-0.964324951171875,0.298431396484375,-0.3788612966746724,0.8429749072166344,0.7718277597468405
529798.8223680001,-0.093048095703125,-1.000030517578125,0.3806915283203125,-0.4677751907247119,0.3053950685276375,1.229658706961197
529798.881748,0.213623046875,-1.14691162109375,0.2129058837890625,-0.5115271990091876,0.7399340088481606,1.092672624706355
529798.941105,0.054534912109375,-1.279815673828125,0.3800048828125,-1.007886630345938,0.5892289185538846,2.155739952838735
529799.000492,0.984039306640625,-1.937149047851562,0.5114593505859375,-1.935271759893179,1.578963176593734,2.512123104648702
529799.059874,0.002197265625,-1.39447021484375,0.91351318359375,-1.765724804886592,0.2200460819127781,4.509768760432627
529799.119266,-0.799560546875,-0.1848602294921875,0.0336456298828125,-0.8080323695020317,1.110513407164905,3.153094313705628
529799.178634,-0.0689849853515625,0.060211181640625,-0.1787567138671875,0.266824772776129,-0.09112032301317015,-1.945203752862521
529799.238026,-0.033172607421875,-0.1700897216796875,-0.0239410400390625,1.881045006409203,-1.021617622610278,-3.917824216515189
529799.29741,-0.1732940673828125,-0.70123291015625,0.2836761474609375,2.465409661232059,-1.414353988564263,-4.88958293614533
529799.3568020001,-0.2454071044921875,-1.659103393554688,0.23248291015625,3.039866291535382,-0.2857952681690904,-6.366312152180884
529799.4161830001,-0.3883209228515625,-2.249679565429688,-0.21881103515625,2.993599193917436,0.01251046553675623,-4.951977604692578
529799.475572,-1.224685668945312,-2.05242919921875,0.4106903076171875,1.562368487209232,-1.688998334933083,-1.008164131731524
529799.5349590001,0.3965301513671875,-1.949798583984375,0.2439117431640625,-0.1479114343107829,-0.3549591595751023,-1.155852393142959
529799.594346,-0.268798828125,-0.962677001953125,0.95245361328125,0.6623446747014651,-2.463170209071411,2.975764004097175
529799.653733,0.435333251953125,-0.996429443359375,0.1938934326171875,-0.2693510473861781,1.62825296204892,-0.2696418645772148
529799.7131190001,-0.0638427734375,-0.876678466796875,0.4293060302734375,-0.1805122544788789,0.4913945001165157,1.214950068260689
529799.772504,0.03460693359375,-0.94989013671875,0.2863922119140625,-0.4237952158509254,0.5938492367290631,1.062348274638059
529799.8318670001,-0.0215301513671875,-0.95318603515625,0.3194732666015625,-0.4495176235555647,0.3312466395451457,1.154769019211514
529799.891253,0.12164306640625,-0.9761962890625,0.28857421875,-0.5164561775547063,0.350784121934185,1.057525289903925
529799.950634,-0.0449371337890625,-1.18109130859375,0.3224334716796875,-0.5724342257715179,0.2653773447236709,1.477340145189618
529800.010016,-0.055328369140625,-1.296066284179688,0.3538360595703125,-1.062900614248141,0.6714931656781052,2.18891548317007
529800.069401,0.7133026123046875,-1.751449584960938,0.7289276123046875,-1.804808291780159,1.472672156430927,2.551729103748143
529800.128779,0.152496337890625,-1.703842163085938,0.6183929443359375,-2.058956417767511,2.08502237325277,3.115111244974481
529800.188159,-0.8127899169921875,-0.4345245361328125,-0.1706085205078125,-0.6073152444649397,2.349411418895913,2.62362433316814
529800.247543,-0.03607177734375,-0.1236724853515625,-0.1353302001953125,0.2199989439614837,1.16716949619525,0.6299638316394096
529800.306922,-0.0556793212890625,-0.0585784912109375,-0.1531982421875,1.427145417596023,-0.4500803494938984,-2.501364999109218
529800.366298,-0.0615234375,-0.5196075439453125,0.0071868896484375,2.431124125358378,-1.226252523926985,-4.895937771138477
529800.4256841667,-0.3969573974609375,-1.13116455078125,0.2383270263671875,2.834740569629773,-2.032697383103221,-5.855755409072921
529800.4850571667,-0.4084014892578125,-2.211563110351562,0.0333099365234375,2.839384589938653,-0.7777599510749921,-5.9548702753624
529800.5443861667,-1.216323852539062,-1.709320068359375,-0.122314453125,1.840177734217502,-2.213868769951894,-1.279377793984104
529800.6037821667,2.030792236328125,-2.340438842773438,-1.102676391601562,0.2126081393042958,-0.1471681460505418,-0.5973129440428201
529800.6631561667,-0.0075225830078125,-0.8384246826171875,0.478759765625,-0.3482056493667703,0.5504676741522173,2.688359920313568
529800.7225281667,-0.8892974853515625,-0.9846649169921875,0.0161895751953125,0.04915289897515647,-0.8843564358148307,2.158634276311433
529800.7819041667,0.615020751953125,-0.8871002197265625,0.5662994384765625,0.2741750973847477,0.5909336079676443,-0.003193662779223022
529800.8412611667,0.0344696044921875,-0.9082489013671875,0.35357666015625,-0.2621184344977409,0.03055151770928001,0.6092353836108868
529800.9006611666,0.088592529296875,-0.927459716796875,0.2516021728515625,-0.2587964073539761,0.2733069068693818,0.4264216253179615
529800.9600281666,0.0323486328125,-0.9026031494140625,0.2927093505859375,-0.1389690720025148,0.1519511833683241,0.3190946354911142
529801.0194141667,0.1022796630859375,-0.9401397705078125,0.3313446044921875,0.01449345528442923,-0.04669346970846829,0.3757187665883789
529801.0787931667,0.0345916748046875,-0.9600372314453125,0.3447113037109375,-0.1272905779902993,-0.09135255066022505,0.3228502252603439
529801.1381731667,0.1255950927734375,-0.9453277587890625,0.318023681640625,-0.3521492583089597,0.0879088170546436,0.2120456796820711
529801.1975501667,-0.07183837890625,-0.913116455078125,0.2801666259765625,-0.2979938775421984,-0.1627258005065667,0.3640621104971021
529801.2569291667,-0.0313262939453125,-0.9261932373046875,0.254669189453125,-0.2820916100411172,0.03987417942121139,0.2104765451677964
529801.3162991666,-0.0290679931640625,-0.9359588623046875,0.225799560546875,-0.1901385165550793,0.1130772872525464,0.1084513764390788
529801.3756671667,0.0005035400390625,-0.9380950927734375,0.245513916015625,-0.09831911375576333,-0.06325939695319718,0.1434825974179811
529801.4350621667,-0.037567138671875,-0.9367828369140625,0.2287750244140625,-0.03582217982265583,0.08174066965391107,-0.02010473570122618
529801.4944471667,-0.0294189453125,-0.947265625,0.2510528564453125,-0.01579254526416988,0.03704323918245717,-0.02173405765613666
529801.5538171667,-0.02801513671875,-0.957916259765625,0.2153778076171875,0.01843227053665642,0.06635079434656116,-0.06041380932844752
529801.6132031668,-0.0163116455078125,-0.9555206298828125,0.2667083740234375,0.03960759699609446,0.03742673437942858,-0.0803369174433303
529801.6725801667,0.0253143310546875,-0.961212158203125,0.2339935302734375,0.003527623179918959,0.06866002132776887,-0.04445774597334677
529801.7319541667,-0.0072479248046875,-0.9596405029296875,0.2488555908203125,0.02114017273304899,-0.02945509428849439,0.0408390426841471
529801.7913281667,0.000640869140625,-0.9639739990234375,0.2488555908203125,0.0009747169589690011,-0.01676752853924789,0.02683294587920237
529801.8507031667,0.007904052734375,-0.963775634765625,0.2503662109375,-0.008459797518745708,0.01505671385498099,0.01795023837935208
529801.9100751667,-0.0043182373046875,-0.9580230712890625,0.2436370849609375,-0.02659326138109524,0.006519152032404967,0.00737695621951949
529801.9694591668,-0.0179290771484375,-0.9592437744140625,0.2354583740234375,-0.01071975601978695,-0.01474752085242279,0.01081669508346583
529802.0288221667,-0.0192413330078125,-0.954376220703125,0.2537994384765625,-0.004332430461340905,-0.01589427801781091,0.0033710293078223
529802.0882091667,-0.0103302001953125,-0.9494476318359375,0.2372589111328125,-0.004335093622430984,-0.01928634629824483,-0.0200413524672823
529802.1475961667,-0.0540313720703125,-0.9644317626953125,0.2508087158203125,0.01695155297057237,-0.00889442540864664,0.08218035754988315
529802.2069571667,-0.0123138427734375,-1.007110595703125,0.2377777099609375,-0.005371063286471808,-0.00947046715243078,0.008629174564074747
529802.2663491667,0.025238037109375,-0.909576416015625,0.2375946044921875,-0.02964045030036391,0.02458816739637458,-0.1143364298159359
529802.3257221667,0.009429931640625,-0.9494781494140625,0.2386932373046875,-0.02540655679935593,0.02272102515612003,-0.08340274849022952
529802.3851011667,-0.002655029296875,-0.93475341796875,0.2437286376953125,-0.01806209114513541,0.005114334557388169,-0.02884416513443021
529802.4444711667,0.0263214111328125,-0.9380645751953125,0.237548828125,-0.007590541738943845,-0.03539820457711522,-0.04118312309698534
529802.5038461667,-0.0096588134765625,-0.958770751953125,0.238616943359375,-0.01737978927385711,-0.07874807553698902,-0.02045733822955268
529802.5632181667,-0.0151824951171875,-0.9294586181640625,0.2293701171875,-0.01823892504151667,-0.02732403278421298,0.02800633465549128
529802.6225901667,-0.01654052734375,-0.9515533447265625,0.2315521240234375,0.002594451533955194,-0.1293534625706747,0.0312735006808005
529802.6819651667,-0.01171875,-0.9627227783203125,0.2327117919921875,-0.05034919093682006,0.1622618778446749,-0.05084507153179282
529802.7413381666,0.0281524658203125,-0.9430694580078125,0.226409912109375,-0.04239219823188131,0.04252801944747536,-0.01114799232307169
529802.8007151667,-0.0073394775390625,-0.9500732421875,0.224609375,-0.03079200115571417,0.01579467579304195,-0.02683614167251047
529802.8600881667,-0.0007171630859375,-0.962493896484375,0.2263031005859375,-0.01699256565135959,0.006173473722912682,-0.02885535041100855
529802.9194601667,-0.005401611328125,-0.95703125,0.225738525390625,-0.01703357833214681,-0.001132376095501692,-0.01385216609393815
529802.9788341667,-0.0058746337890625,-0.9535675048828125,0.225555419921875,-0.01704476360872514,-0.002082858288550972,-0.001050883366145267
529803.0381921667,-0.0080108642578125,-0.957550048828125,0.2187347412109375,-0.01702771937774863,0.001057541268870466,-0.006415022433782869
529803.0975511667,-0.0026092529296875,-0.960113525390625,0.2237548828125,-0.006363357108635332,0.003019758360040848,-0.02135429088469136
529803.1569361667,0.00177001953125,-0.9614715576171875,0.2265625,-0.005316734800234191,-0.001251419396228234,-0.02343848075378737
529803.2162921667,0.0059967041015625,-0.962066650390625,0.2234039306640625,-0.005297027408167605,0.002988599375286921,-0.02455114945722248
529803.2756801667,0.000640869140625,-0.9589691162109375,0.2204437255859375,-0.007437676292373296,0.000898284235683727,-0.02133138769931668
529803.3350351667,0.00115966796875,-0.9598388671875,0.2204742431640625,-0.005335909560082762,-0.004354534698388562,-0.01381115341315093
529803.3944231668,0.00860595703125,-0.9450225830078125,0.217987060546875,-0.004258394583036702,-0.002288986956923105,-0.02022883900802388
529803.4537791667,-0.000518798828125,-0.9592132568359375,0.2233123779296875,-0.004442152698252169,-0.04148352766794628,-0.007005711563562444
529803.5131681667,0.003021240234375,-0.9579315185546875,0.215972900390625,-0.00328634078515778,-0.02130235924343482,-0.007227819198475052
529803.5725311667,-0.0035400390625,-0.9613494873046875,0.219757080078125,0.0009693906367888427,-0.02125921603377554,-0.0008309062601047223
529803.6319041667,0.0160369873046875,-0.9629669189453125,0.2245635986328125,0.01634541750647033,-0.151881142231655,0.01127635668761351
529803.6912781667,0.0014801025390625,-0.96337890625,0.2221527099609375,0.008060855987451838,-0.1020656487772868,-0.00526560210730467
529803.7506491666,0.00885009765625,-0.9580078125,0.2172698974609375,-0.02617461245773478,0.09203698306037542,-0.05432262728321829
529803.8100181667,0.001922607421875,-0.9571990966796875,0.2207489013671875,-0.02403449620574711,0.09528284379696399,-0.04689613626742332
529803.8693841667,0.0052032470703125,-0.95660400390625,0.216888427734375,-0.008461928047617771,0.01165532451073179,-0.006527940464002228
529803.9287591667,0.014739990234375,-0.9624176025390625,0.2204742431640625,-0.005248557876328163,0.01474885243296783,-0.01615366990798463
529803.9881351667,0.00506591796875,-0.95849609375,0.219268798828125,-0.006441654044683661,-0.01280341325666495,-0.008388957433749601
529804.0475001667,0.0063629150390625,-0.95745849609375,0.217376708984375,0.009265670064603685,-0.07013354835890971,0.001843972738770865
529804.1068821667,0.016693115234375,-0.96087646484375,0.22271728515625,0.008326639464241746,-0.04252828576358436,-0.0005928196586516384
529804.1662551668,0.0132598876953125,-0.9623870849609375,0.21832275390625,-0.009478722951810025,0.01998942082602576,-0.02580656359508583
529804.2256291667,0.00860595703125,-0.9575958251953125,0.219451904296875,-0.005251221037418242,0.01364923321887411,-0.02040514027218712
529804.2850021668,0.01416015625,-0.955108642578125,0.220733642578125,0.004237089294316068,-0.006507966755826634,-0.01378292390559609
529804.3443711667,0.0159149169921875,-0.9630279541015625,0.2234954833984375,0.009501626137184705,-0.02039022657008268,-0.02002271033965174
529804.4037441667,0.0153656005859375,-0.9617919921875,0.2165069580078125,-0.0030887342322739,0.02108850740790146,-0.01942030330107582
529804.4631181667,0.0063323974609375,-0.9607696533203125,0.219482421875,-0.01032028185627506,0.06881341940655744,-0.03167510537318444
